Id,ClientId,TotalWIP,LastWIPDate,TotalAR,LastBillDate,TrustFundsBalance,UnallocatedFundsBalance,RetainerFundsBalance,ClientCurrency,Processed,ProcessTimeStamp,LoadTimeStamp
59943, ,0,NULL,0,NULL,0,0,0,USD,0,NULL,2025-11-08 6:16
59944,10000004,0,NULL,0,NULL,0,0,0,USD,1,2019-05-04 8:11,2019-05-04 7:08
59945,10000006,542.5,2025-05-14 0:00,0,NULL,0,0,0,USD,1,2025-11-13 6:30,2025-11-13 6:16
59946,10000008,1125.7,2025-10-30 0:00,0,NULL,0,0,0,USD,1,2025-11-13 6:30,2025-11-13 6:16
59947,10000014,17241.4,2025-11-11 0:00,19008.66,2025-10-16 0:00,0.16,0,0,USD,1,2025-11-13 6:30,2025-11-13 6:16
59948,10000016,450.99,2025-10-10 0:00,603.6,2025-10-16 0:00,0,0,0,USD,1,2025-11-13 6:30,2025-11-13 6:16
59949,10000018,3764.24,2025-11-07 0:00,3125.11,2025-10-20 0:00,0,0,0,USD,1,2025-11-13 6:30,2025-11-13 6:16
59950,10000024,34722.08,2025-11-06 0:00,0,NULL,0,0,0,USD,1,2025-11-13 6:30,2025-11-13 6:16
59951,10000026,0,NULL,0,NULL,0,0,0,USD,1,2019-05-04 8:11,2019-05-04 7:08
59952,10000028,0,NULL,0,NULL,0,0,0,USD,1,2019-05-04 8:11,2019-05-04 7:08
59953,10000034,0,NULL,0,NULL,0,0,0,USD,1,2020-07-16 6:30,2020-07-15 6:15
59954,10000036,0,NULL,6415.78,2025-11-12 0:00,0,0,0,USD,1,2025-11-13 6:30,2025-11-13 6:16
59955,10000038,0,NULL,0,NULL,0,0,0,USD,1,2021-08-27 6:30,2021-08-26 6:05
59956,10000044,0,NULL,0,NULL,0,0,0,USD,1,2019-05-04 8:11,2019-05-04 7:08
59957,10000046,0,NULL,0,NULL,0,0,0,USD,1,2023-12-07 6:30,2023-12-06 6:31
59958,10000048,0,NULL,0,NULL,0,0,0,USD,1,2025-10-22 7:38,2025-10-21 17:15
59959,10000054,0,NULL,0,NULL,0,0,0,USD,1,2019-05-04 8:11,2019-05-04 7:08
59960,10000056,0,NULL,0,NULL,0,0,0,USD,1,2019-05-04 8:11,2019-05-04 7:08
59961,10000058,26949.38,2025-11-09 0:00,0,NULL,0,0,0,USD,1,2025-11-13 6:30,2025-11-13 6:16
59962,10000064,133516.02,2025-11-12 0:00,567.79,2024-10-23 0:00,477.17,0,0,USD,1,2025-11-13 6:30,2025-11-13 6:16
59963,10000066,0,NULL,0,NULL,0,0,0,USD,1,2020-09-10 6:30,2020-09-09 6:15
59964,10000068,0,NULL,0,NULL,0,0,0,USD,1,2019-05-04 8:11,2019-05-04 7:08
59965,10000074,0,NULL,0,NULL,0,0,0,USD,1,2019-05-04 8:11,2019-05-04 7:08
59966,10000076,0,NULL,0,NULL,0,0,0,USD,1,2023-02-23 6:30,2023-02-23 6:05
59967,10000078,0,NULL,0,NULL,0,0,0,USD,1,2019-05-04 8:11,2019-05-04 7:08
59968,10000084,0,NULL,0,NULL,0,0,0,USD,1,2019-05-04 8:11,2019-05-04 7:08
59969,10000086,0,NULL,0,NULL,0,0,0,USD,1,2025-09-12 7:30,2025-09-12 6:16
59970,10000088,0,NULL,0,NULL,0,0,0,USD,1,2019-06-27 6:30,2019-06-26 6:15
59971,10000094,0,NULL,0,NULL,0,0,0,USD,1,2019-05-04 8:11,2019-05-04 7:08
59972,10000096,49389.46,2025-11-12 0:00,239937.49,2025-11-12 0:00,-168.69,0,0,USD,1,2025-11-13 6:30,2025-11-13 6:16
59973,10000098,0,NULL,0,NULL,0,0,0,USD,1,2025-05-25 7:30,2025-05-25 2:14
59974,10000104,128400.04,2025-11-12 0:00,59144.35,2025-11-03 0:00,-10.88,92.14,0,USD,1,2025-11-13 6:30,2025-11-13 6:16
59975,10000106,0,NULL,0,NULL,0,0,0,USD,1,2020-06-20 6:30,2020-06-19 6:15
59976,10000108,0,NULL,0,NULL,147.36,0,0,USD,1,2024-05-16 6:30,2024-05-15 6:16
59977,10000114,0,NULL,0,NULL,1422.38,0,0,USD,1,2022-12-21 6:30,2022-12-21 6:05
59978,10000116,0,NULL,0,NULL,0,0,0,USD,1,2019-05-04 8:11,2019-05-04 7:08
59979,10000118,6958.69,2025-11-06 0:00,1555.83,2025-10-28 0:00,0,0,0,USD,1,2025-11-13 6:30,2025-11-13 6:16
59980,10000124,0,NULL,0,NULL,-1.07,0,0,USD,1,2019-05-04 8:11,2019-05-04 7:08
59981,10000126,0,NULL,0,NULL,0,0,0,USD,1,2024-02-21 6:30,2024-02-20 9:01
59982,10000128,0,NULL,0,NULL,0,0,0,USD,1,2019-05-04 8:11,2019-05-04 7:08
59983,10000134,0,NULL,0,NULL,0,0,0,USD,1,2020-12-31 6:30,2020-12-31 6:15
59984,10000136,0,NULL,0,NULL,45.16,0,0,USD,1,2021-09-11 6:30,2021-09-10 6:05
59985,10000138,0,NULL,0,NULL,0,0,0,USD,1,2019-05-04 8:11,2019-05-04 7:08
59986,10000144,3132.78,2025-11-10 0:00,0,NULL,0,1.99,0,USD,1,2025-11-13 6:30,2025-11-13 6:16
59987,10000146,0,NULL,0,NULL,0,0,0,USD,1,2019-10-29 6:30,2019-10-29 6:15
59988,10000148,0,NULL,0,NULL,0,0,0,USD,1,2019-05-04 8:11,2019-05-04 7:08
59989,10000154,0,NULL,0,NULL,0,0,0,USD,1,2019-05-04 8:11,2019-05-04 7:08
59990,10000156,0,NULL,0,NULL,0,0,0,USD,1,2019-05-04 8:11,2019-05-04 7:08
59991,10000158,0,NULL,0,NULL,0,0,0,USD,1,2023-09-24 6:31,2023-09-23 13:02
59992,10000164,0,NULL,0,NULL,0,0,0,USD,1,2019-05-04 8:11,2019-05-04 7:08
59993,10000166,3634.07,2025-11-05 0:00,3496.17,2025-11-07 0:00,0,0,0,USD,1,2025-11-13 6:30,2025-11-13 6:16
59994,10000168,0,NULL,0,NULL,0,0,0,USD,1,2019-05-04 8:11,2019-05-04 7:08
59995,10000174,2605.8,2025-11-03 0:00,19706.32,2025-10-31 0:00,0,0,0,USD,1,2025-11-13 6:30,2025-11-13 6:16
59996,10000176,0,NULL,0,NULL,0,0,0,USD,1,2019-07-20 6:30,2019-07-19 6:15
59997,10000178,0,NULL,0,NULL,0,0,0,USD,1,2019-05-04 8:11,2019-05-04 7:08
59998,10000184,21158.76,2025-11-12 0:00,15403.97,2025-10-28 0:00,-48.38,0,0,USD,1,2025-11-13 6:30,2025-11-13 6:16
59999,10000186,0,NULL,0,NULL,0,0,0,USD,1,2019-11-27 6:30,2019-11-27 6:15
60000,10000188,0,NULL,0,NULL,0,0,0,USD,1,2019-05-04 8:11,2019-05-04 7:08
60001,10000194,0,NULL,0,NULL,0,0,0,USD,1,2019-05-04 8:11,2019-05-04 7:08
60002,10000196,1455.13,2025-11-06 0:00,903.15,2025-11-07 0:00,0,0,0,USD,1,2025-11-13 6:30,2025-11-13 6:16
60003,10000198,0,NULL,0,NULL,0,0,0,USD,1,2024-08-15 7:30,2024-08-15 6:15
60004,10000204,0,NULL,0,NULL,0,0,0,USD,1,2019-05-04 8:11,2019-05-04 7:08
60005,10000206,0,NULL,0,NULL,0,0,0,USD,1,2019-05-04 8:11,2019-05-04 7:08
60006,10000208,880.69,2018-05-31 0:00,0,NULL,0,0,0,USD,1,2025-11-13 6:30,2025-11-13 6:16
60007,10000214,0,NULL,0,NULL,0,0,0,USD,1,2021-03-21 6:30,2021-03-20 12:16
60008,10000216,2359.89,2025-10-07 0:00,0,NULL,0,0,0,USD,1,2025-11-13 6:30,2025-11-13 6:16
60009,10000218,13114.5,2025-10-31 0:00,78903.5,2025-10-08 0:00,0,0,0,USD,1,2025-11-08 6:31,2025-11-08 6:16
60010,10000224,0,NULL,0,NULL,0,0,0,USD,1,2020-06-10 6:30,2020-06-09 6:15
60011,10000226,15401.87,2025-11-12 0:00,44686.24,2025-11-11 0:00,0,0,0,USD,1,2025-11-13 6:30,2025-11-13 6:16
60012,10000228,21243.69,2025-11-11 0:00,62508.11,2025-10-31 0:00,0,0,0,USD,1,2025-11-13 6:30,2025-11-13 6:16
60013,10000234,326929.45,2025-11-12 0:00,109740.36,2025-10-15 0:00,652.42,0,0,USD,1,2025-11-13 6:30,2025-11-13 6:16
60014,10000236,0,NULL,0,NULL,0,0,0,USD,1,2019-05-04 8:11,2019-05-04 7:08
60015,10000238,0,NULL,0,NULL,0,0,0,USD,1,2021-07-21 6:30,2021-07-20 6:05
60016,10000244,0,NULL,0,NULL,0,0,0,USD,1,2019-05-04 8:11,2019-05-04 7:08
60017,10000246,0,NULL,0,NULL,0,0,0,USD,1,2023-08-18 6:30,2023-08-17 6:05
60018,10000248,0,NULL,0,NULL,0,0,0,USD,1,2025-05-14 7:30,2025-05-14 6:15
60019,10000254,82081.08,2025-11-11 0:00,107558.37,2025-10-21 0:00,143071.32,19116.44,0,USD,1,2025-11-13 6:30,2025-11-13 6:16
60020,10000256,0,NULL,0,NULL,0,0,0,USD,1,2019-05-04 8:11,2019-05-04 7:08
60021,10000258,0,NULL,0,NULL,0,0,0,USD,1,2019-05-04 8:11,2019-05-04 7:08
60022,10000264,0,NULL,0,NULL,0,0,0,USD,1,2023-07-20 6:30,2023-07-19 6:05
60023,10000266,0,NULL,0,NULL,33306.64,0,0,USD,1,2024-07-14 7:53,2024-07-13 11:31
60024,10000268,0,NULL,0,NULL,0,0,0,USD,1,2019-05-04 8:11,2019-05-04 7:08
60025,10000274,0,NULL,0,NULL,0,0,0,USD,1,2023-11-04 6:31,2023-11-04 6:16
60026,10000276,0,NULL,0,NULL,0,0,0,USD,1,2025-02-19 6:30,2025-02-19 6:15
60027,10000278,0,NULL,0,NULL,0,0,0,USD,1,2025-05-09 7:30,2025-05-09 6:15
60028,10000284,6247.63,2025-11-11 0:00,0,NULL,0,0,0,USD,1,2025-11-13 6:30,2025-11-13 6:16
60029,10000286,0,NULL,0,NULL,0,0,0,USD,1,2019-05-04 8:11,2019-05-04 7:08
60030,10000294,0,NULL,0,NULL,0,0,0,USD,1,2019-05-04 8:11,2019-05-04 7:08
60031,10000296,0,NULL,0,NULL,0,0,0,USD,1,2019-12-27 6:30,2019-12-26 16:03
60032,10000298,0,NULL,0,NULL,0,0,0,USD,1,2019-07-11 6:30,2019-07-10 6:15
60033,10000304,0,NULL,0,NULL,0,0,0,USD,1,2021-06-05 6:30,2021-06-04 6:05
60034,10000306,0,NULL,0,NULL,0,0,0,USD,1,2019-05-04 8:11,2019-05-04 7:08
60035,10000308,168131.83,2025-11-11 0:00,206115.78,2025-11-12 0:00,5849.95,0,0,USD,1,2025-11-13 6:30,2025-11-13 6:16
60036,10000314,0,NULL,3555.28,2025-11-10 0:00,0,0,0,USD,1,2025-11-11 6:30,2025-11-11 6:16
60037,10000316,45376.22,2025-11-10 0:00,2242.61,2025-11-05 0:00,0,0,0,USD,1,2025-11-13 6:30,2025-11-13 6:16
60038,10000318,15410.28,2025-11-11 0:00,19081.41,2025-10-28 0:00,0,0,0,USD,1,2025-11-13 6:30,2025-11-13 6:16
60039,10000324,3291.6,2025-11-10 0:00,44071.05,2025-10-17 0:00,0,0,0,USD,1,2025-11-13 6:30,2025-11-13 6:16
60040,10000326,0,NULL,0,NULL,0,0,0,USD,1,2019-05-08 6:30,2019-05-07 6:15
60041,10000328,0,NULL,0,NULL,0,0,0,USD,1,2019-05-04 8:11,2019-05-04 7:08
60042,10000334,22718.45,2025-11-10 0:00,23242.6,2025-10-28 0:00,7233.63,0,0,USD,1,2025-11-13 6:30,2025-11-13 6:16
60043,10000001,0,NULL,0,NULL,0,0,0,USD,1,2023-08-03 6:30,2023-08-02 6:05
60044,10000002,0,NULL,0,NULL,0,0,0,USD,1,2019-05-04 8:11,2019-05-04 7:08
60045,10000003,1242.76,2025-10-23 0:00,4177.27,2025-10-27 0:00,0,0,0,USD,1,2025-11-13 6:30,2025-11-13 6:16
60046,10000005,0,NULL,0,NULL,0,0,0,USD,1,2025-09-19 7:30,2025-09-19 6:16
60047,10000007,4246.17,2025-11-12 0:00,5265.91,2025-10-22 0:00,-8.98,0,0,USD,1,2025-11-13 6:30,2025-11-13 6:16
60048,10000009,142.76,2020-03-23 0:00,0,NULL,0,0,0,USD,1,2025-11-13 6:30,2025-11-13 6:16
60049,10000010,0,NULL,0,NULL,0,0,0,USD,1,2023-05-07 6:30,2023-05-06 6:06
60050,10000011,5713.79,2025-10-14 0:00,0,NULL,0,0,0,USD,1,2025-11-13 6:30,2025-11-13 6:16
60051,10000012,0,NULL,0,NULL,0,0,0,USD,1,2022-05-26 6:30,2022-05-25 6:06
60052,10000013,0,NULL,0,NULL,725.25,0,0,USD,1,2023-10-27 6:30,2023-10-26 6:16
60053,10000015,0,NULL,0,NULL,0,0,0,USD,1,2023-05-27 6:30,2023-05-26 6:05
60054,10000017,0,NULL,0,NULL,0,0,0,USD,1,2025-08-26 7:30,2025-08-26 6:16
60055,10000019,12317.54,2025-11-07 0:00,8817.74,2025-10-15 0:00,-6.24,0,0,USD,1,2025-11-13 6:30,2025-11-13 6:16
60056,10000020,809.99,2025-10-24 0:00,1023.81,2025-10-16 0:00,-0.33,0,0,USD,1,2025-11-13 6:30,2025-11-13 6:16
60057,10000021,75.17,2025-10-06 0:00,89.03,2025-06-18 0:00,0,0,0,USD,1,2025-11-13 6:30,2025-11-13 6:16
60058,10000022,7583.04,2025-11-07 0:00,10998.65,2025-10-22 0:00,110.73,0,0,USD,1,2025-11-13 6:30,2025-11-13 6:16
60059,10000023,3795.82,2025-10-20 0:00,480.04,2025-10-15 0:00,0,0,0,USD,1,2025-11-13 6:30,2025-11-13 6:16
60060,10000025,0,NULL,0,NULL,0,0,0,USD,1,2024-05-09 6:30,2024-05-08 6:16
60061,10000027,200711.49,2025-11-12 0:00,127611.76,2025-11-12 0:00,1886.08,0,0,USD,1,2025-11-13 6:30,2025-11-13 6:16
60062,10000029,0,NULL,0,NULL,0,0,0,USD,1,2019-05-04 8:11,2019-05-04 7:08
60063,10000030,0,NULL,0,NULL,0,0,0,USD,1,2019-05-04 8:11,2019-05-04 7:08
60064,10000031,0,NULL,0,NULL,0,0,0,USD,1,2019-05-04 8:11,2019-05-04 7:08
60065,10000032,0,NULL,0,NULL,0,0,0,USD,1,2019-05-04 8:11,2019-05-04 7:08
60066,10000033,0,NULL,0,NULL,0,0,0,USD,1,2024-07-10 7:30,2024-07-10 6:15
60067,10000035,0,NULL,0,NULL,0,0,0,USD,1,2019-05-04 8:11,2019-05-04 7:08
60068,10000037,0,NULL,0,NULL,0,0,0,USD,1,2020-09-24 6:30,2020-09-23 6:15
60069,10000039,79901.57,2025-11-11 0:00,1226.25,2025-10-06 0:00,0,0,0,USD,1,2025-11-13 6:30,2025-11-13 6:16
60070,10000040,584807.85,2025-11-12 0:00,745.84,2025-10-08 0:00,0,0,0,USD,1,2025-11-13 6:30,2025-11-13 6:16
60071,10000041,4162.29,2025-10-30 0:00,20505.58,2025-10-21 0:00,0,0,0,USD,1,2025-11-13 6:30,2025-11-13 6:16
60072,10000042,0,NULL,0,NULL,0,0,0,USD,1,2025-06-27 7:30,2025-06-27 6:16
60073,10000043,0,NULL,0,NULL,0,0,0,USD,1,2019-05-04 8:11,2019-05-04 7:08
60074,10000045,1452.98,2025-11-10 0:00,0,NULL,0,0,0,USD,1,2025-11-13 6:30,2025-11-13 6:16
60075,10000047,0,NULL,0,NULL,8611.57,0,0,USD,1,2022-10-13 6:30,2022-10-12 6:05
60076,10000049,687,2019-08-15 0:00,0,NULL,0,0,0,USD,1,2025-11-13 6:30,2025-11-13 6:16
60077,10000050,0,NULL,0,NULL,0,0,0,USD,1,2025-05-06 7:30,2025-05-06 6:16
60078,10000051,0,NULL,0,NULL,0,0,0,USD,1,2024-11-27 6:30,2024-11-27 6:15
60079,10000052,602.11,2025-11-04 0:00,5692.22,2025-11-10 0:00,0,0,0,USD,1,2025-11-13 6:30,2025-11-13 6:16
60080,10000053,0,NULL,0,NULL,0,0,0,USD,1,2019-05-04 8:11,2019-05-04 7:08
60081,10000055,0,NULL,0,NULL,0,0,0,USD,1,2019-05-04 8:11,2019-05-04 7:08
60082,10000057,0,NULL,0,NULL,0,0,0,USD,1,2019-05-04 8:11,2019-05-04 7:08
60083,10000059,5477.51,2025-11-07 0:00,9806.25,2025-10-28 0:00,-143.61,0,0,USD,1,2025-11-13 6:30,2025-11-13 6:16
60084,10000060,0,NULL,0,NULL,0,0,0,USD,1,2019-05-04 8:11,2019-05-04 7:08
60085,10000061,0,NULL,0,NULL,0,0,0,USD,1,2025-10-28 6:30,2025-10-28 6:16
60086,10000062,0,NULL,0,NULL,0,0,0,USD,1,2019-06-27 6:30,2019-06-26 6:15
60087,10000063,0,NULL,0,NULL,0,0,0,USD,1,2019-05-04 8:11,2019-05-04 7:08
60088,10000065,396868.04,2025-11-11 0:00,1366.01,2025-10-22 0:00,0,0,0,USD,1,2025-11-13 6:30,2025-11-13 6:16
60089,10000067,0,NULL,0,NULL,0,0,0,USD,1,2019-05-04 8:11,2019-05-04 7:08
60090,10000069,0,NULL,0,NULL,0,0,0,USD,1,2019-05-04 8:11,2019-05-04 7:08
60091,10000070,0,NULL,0,NULL,0,0,0,USD,1,2019-05-04 8:11,2019-05-04 7:08
60092,10000071,118.32,2025-11-06 0:00,353.39,2025-11-12 0:00,0,0,0,USD,1,2025-11-13 6:30,2025-11-13 6:16
60093,10000072,50318.35,2025-11-11 0:00,62582.65,2025-10-21 0:00,0,0,0,USD,1,2025-11-13 6:30,2025-11-13 6:16
60094,10000073,0,NULL,0,NULL,0,0,0,USD,1,2019-05-04 8:11,2019-05-04 7:08
60095,10000075,170110.05,2025-11-10 0:00,109964.36,2025-11-04 0:00,0,0,0,USD,1,2025-11-13 6:30,2025-11-13 6:16
60096,10000077,0,NULL,0,NULL,0,0,0,USD,1,2019-05-04 8:11,2019-05-04 7:08
60097,10000079,72359.34,2025-11-12 0:00,252221.31,2025-11-11 0:00,0,0,0,USD,1,2025-11-13 6:30,2025-11-13 6:16
60098,10000080,0,NULL,0,NULL,0,0,0,USD,1,2019-05-04 8:11,2019-05-04 7:08
60099,10000081,15944.64,2025-11-03 0:00,157.49,2025-10-20 0:00,0,0,0,USD,1,2025-11-13 6:30,2025-11-13 6:16
60100,10000082,0,NULL,0,NULL,0,0,0,USD,1,2019-05-04 8:11,2019-05-04 7:08
60101,10000083,0,NULL,0,NULL,0,0,0,USD,1,2021-05-12 6:30,2021-05-11 6:15
60102,10000085,0,NULL,842.92,2025-11-05 0:00,0,0,0,USD,1,2025-11-06 6:52,2025-11-06 6:16
60103,10000087,0,NULL,0,NULL,0,0,0,USD,1,2019-05-04 8:11,2019-05-04 7:08
60104,10000089,0,NULL,0,NULL,0,0,0,USD,1,2019-05-04 8:11,2019-05-04 7:08
60105,10000090,0,NULL,0,NULL,0,0,0,USD,1,2019-05-04 8:11,2019-05-04 7:08
60106,10000091,629.59,2025-10-31 0:00,456.24,2025-10-28 0:00,0,0,0,USD,1,2025-11-13 6:30,2025-11-13 6:16
60107,10000092,789.49,2025-11-04 0:00,6031.78,2025-11-10 0:00,0,0,0,USD,1,2025-11-13 6:30,2025-11-13 6:16
60108,10000093,0,NULL,0,NULL,6.14,0,0,USD,1,2024-04-05 6:30,2024-04-04 6:16
60109,10000095,0,NULL,0,NULL,0,0,0,USD,1,2025-11-12 6:30,2025-11-12 6:16
60110,10000097,0,NULL,0,NULL,0,0,0,USD,1,2022-06-12 6:30,2022-06-11 6:05
60111,10000099,0,NULL,0,NULL,0,0,0,USD,1,2019-05-04 8:11,2019-05-04 7:08
60112,10000100,488.97,2025-05-31 0:00,0,NULL,0,0,0,USD,1,2025-11-13 6:30,2025-11-13 6:16
60113,10000101,597.47,2025-11-11 0:00,0,NULL,0,0,0,USD,1,2025-11-13 6:30,2025-11-13 6:16
60114,10000102,0,NULL,0,NULL,47961.02,0,0,USD,1,2025-09-11 7:30,2025-09-11 6:16
60115,10000103,0,NULL,0,NULL,0,0,0,USD,1,2019-05-04 8:11,2019-05-04 7:08
60116,10000105,979.36,2025-10-30 0:00,1638.39,2025-10-22 0:00,0,0,0,USD,1,2025-11-13 6:30,2025-11-13 6:16
60117,10000107,1698.9,2025-11-07 0:00,3146.26,2025-08-15 0:00,0,0,0,USD,1,2025-11-13 6:30,2025-11-13 6:16
60118,10000109,0,NULL,0,NULL,0,0,0,USD,1,2019-05-04 8:11,2019-05-04 7:08
60119,10000110,0,NULL,0,NULL,0,0,0,USD,1,2021-03-02 6:30,2021-03-02 6:15
60120,10000111,0,NULL,0,NULL,0,0,0,USD,1,2019-05-04 8:11,2019-05-04 7:08
60121,10000112,0,NULL,0,NULL,0,0,0,USD,1,2023-06-30 6:30,2023-06-29 6:06
60122,10000113,10205.8,2025-11-07 0:00,35819.74,2025-11-11 0:00,0,0,0,USD,1,2025-11-13 6:30,2025-11-13 6:16
60123,10000115,0,NULL,0,NULL,0.33,0,0,USD,1,2024-02-23 6:30,2024-02-23 6:15
60124,10000117,0,NULL,0,NULL,0,0,0,USD,1,2025-07-03 7:30,2025-07-03 6:16
60125,10000119,0,NULL,0,NULL,0,0,0,USD,1,2019-05-04 8:11,2019-05-04 7:08
60126,10000120,0,NULL,5148.66,2025-10-15 0:00,0,0,0,USD,1,2025-10-16 7:30,2025-10-16 6:16
60127,10000121,88786.26,2025-11-12 0:00,43619.27,2025-11-12 0:00,-33.29,0,0,USD,1,2025-11-13 6:30,2025-11-13 6:16
60128,10000122,0,NULL,0,NULL,0,0,0,USD,1,2025-03-13 6:30,2025-03-13 6:15
60129,10000123,0,NULL,0,NULL,0,0,0,USD,1,2025-08-14 7:30,2025-08-14 6:16
60130,10000125,0,NULL,0,NULL,0,0,0,USD,1,2019-05-04 8:11,2019-05-04 7:08
60131,10000127,0,NULL,0,NULL,0,0,0,USD,1,2019-05-04 8:11,2019-05-04 7:08
60132,10000129,0,NULL,0,NULL,0,0,0,USD,1,2019-12-06 6:30,2019-12-06 6:15
60133,10000130,0,NULL,0,NULL,0,0,0,USD,1,2019-05-04 8:11,2019-05-04 7:08
60134,10000131,6075.44,2025-11-05 0:00,6654.66,2025-10-16 0:00,19562.33,0,0,USD,1,2025-11-13 6:30,2025-11-13 6:16
60135,10000132,0,NULL,3058.68,2025-10-27 0:00,0,0,0,USD,1,2025-10-28 6:30,2025-10-28 6:16
60136,10000133,0,NULL,0,NULL,0,0,0,USD,1,2019-05-04 8:11,2019-05-04 7:08
60137,10000135,36713.45,2025-10-31 0:00,7293.11,2025-06-17 0:00,0,0,0,USD,1,2025-11-13 6:30,2025-11-13 6:16
60138,10000137,0,NULL,0,NULL,0,0,0,USD,1,2019-05-04 8:11,2019-05-04 7:08
60139,10000139,0,NULL,0,NULL,0,0,0,USD,1,2023-03-17 6:30,2023-03-17 6:06
60140,10000140,0,NULL,0,NULL,0,0,0,USD,1,2019-05-04 8:11,2019-05-04 7:08
60141,10000142,0,NULL,0,NULL,0,0,0,USD,1,2019-05-04 8:11,2019-05-04 7:08
60142,10000143,0,NULL,0,NULL,0,0,0,USD,1,2019-05-04 8:11,2019-05-04 7:08
60143,10000336,0,NULL,30044.25,2025-09-03 0:00,0,0,0,USD,1,2025-09-04 7:30,2025-09-04 6:16
60144,10000338,0,NULL,0,NULL,0,0,0,USD,1,2019-05-04 8:11,2019-05-04 7:08
60145,10000344,0,NULL,0,NULL,0,0,0,USD,1,2019-11-26 6:30,2019-11-26 6:15
60146,10000346,0,NULL,0,NULL,0,0,0,USD,1,2019-05-04 8:11,2019-05-04 7:08
60147,10000348,0,NULL,0,NULL,0,0,0,USD,1,2019-05-04 8:11,2019-05-04 7:08
60148,10000354,0,NULL,0,NULL,0,0,0,USD,1,2019-05-30 6:30,2019-05-29 6:15
60149,10000356,298.38,2025-08-14 0:00,0,NULL,0,0,0,USD,1,2025-11-13 6:30,2025-11-13 6:16
60150,10000358,0,NULL,0,NULL,0,0,0,USD,1,2023-12-07 6:30,2023-12-06 6:31
60151,10000364,0,NULL,0,NULL,0,0,0,USD,1,2019-05-04 8:11,2019-05-04 7:08
60152,10000366,0,NULL,0,NULL,-128.8,0,0,USD,1,2023-06-09 6:30,2023-06-08 6:06
60153,10000368,1670.34,2025-11-06 0:00,8191.96,2025-10-22 0:00,0,0,0,USD,1,2025-11-13 6:30,2025-11-13 6:16
60154,10000374,26063.29,2025-11-06 0:00,33136.62,2025-11-12 0:00,0,0,0,USD,1,2025-11-13 6:30,2025-11-13 6:16
60155,10000376,0,NULL,0,NULL,0,0,0,USD,1,2024-04-10 6:30,2024-04-09 6:16
60156,10000378,0,NULL,0,NULL,22.06,0,0,USD,1,2024-06-06 6:30,2024-06-05 6:16
60157,10000384,0,NULL,0,NULL,0,0,0,USD,1,2019-05-04 8:11,2019-05-04 7:08
60158,10000386,0,NULL,0,NULL,0,0,0,USD,1,2019-05-04 8:11,2019-05-04 7:08
60159,10000388,0,NULL,0,NULL,0,0,0,USD,1,2019-05-04 8:11,2019-05-04 7:08
60160,10000394,0,NULL,0,NULL,0,0,0,USD,1,2019-05-04 8:11,2019-05-04 7:08
60161,10000396,0,NULL,0,NULL,0,0,0,USD,1,2025-02-04 6:30,2025-02-04 6:16
60162,10000398,0,NULL,0,NULL,0,0,0,USD,1,2025-08-15 7:30,2025-08-15 6:16
60163,10000404,0,NULL,0,NULL,37.35,0,0,USD,1,2024-05-16 6:30,2024-05-15 6:16
60164,10000406,78465.91,2025-11-11 0:00,11867.66,2025-10-23 0:00,0,0,0,USD,1,2025-11-13 6:30,2025-11-13 6:16
60165,10000408,0,NULL,0,NULL,0,0,0,USD,1,2019-05-04 8:11,2019-05-04 7:08
60166,10000414,19.63,2025-10-03 0:00,0,NULL,-11.91,0,0,USD,1,2025-11-13 6:30,2025-11-13 6:16
60167,10000416,41440.97,2025-11-12 0:00,77889.07,2025-11-12 0:00,6937.46,0,0,USD,1,2025-11-13 6:30,2025-11-13 6:16
60168,10000418,0,NULL,0,NULL,0,0,0,USD,1,2019-05-04 8:11,2019-05-04 7:08
60169,10000424,5466.09,2025-11-03 0:00,0,NULL,-42.49,0,0,USD,1,2025-11-13 6:30,2025-11-13 6:16
60170,10000426,10899.03,2025-11-06 0:00,5179.19,2025-10-28 0:00,0,0,0,USD,1,2025-11-13 6:30,2025-11-13 6:16
60171,10000428,0,NULL,0,NULL,0,0,0,USD,1,2019-05-04 8:11,2019-05-04 7:08
60172,10000434,0,NULL,0,NULL,0,0,0,USD,1,2022-01-05 6:30,2022-01-05 6:05
60173,10000436,668.4,2025-11-04 0:00,2625.48,2025-11-07 0:00,0,0,0,USD,1,2025-11-13 6:30,2025-11-13 6:16
60174,10000438,0,NULL,0,NULL,0,0,0,USD,1,2019-05-04 8:11,2019-05-04 7:08
60175,10000444,0,NULL,0,NULL,0,0,0,USD,1,2019-05-04 8:11,2019-05-04 7:08
60176,10000446,1166.38,2025-11-05 0:00,0,NULL,145.43,0,0,USD,1,2025-11-13 6:30,2025-11-13 6:16
60177,10000448,0,NULL,0,NULL,0,0,0,USD,1,2021-12-09 6:30,2021-12-09 6:05
60178,10000454,0,NULL,0,NULL,0,0,0,USD,1,2025-07-22 7:30,2025-07-22 6:16
60179,10000456,0,NULL,0,NULL,0,0,0,USD,1,2024-04-28 6:30,2024-04-27 6:31
60180,10000458,0,NULL,0,NULL,0,0,0,USD,1,2019-05-04 8:11,2019-05-04 7:08
60181,10000464,956.16,2025-11-07 0:00,0,NULL,0,0,0,USD,1,2025-11-13 6:30,2025-11-13 6:16
60182,10000466,0,NULL,0,NULL,27.01,0,0,USD,1,2021-09-26 6:30,2021-09-25 6:05
60183,10000468,0,NULL,0,NULL,0,0,0,USD,1,2022-04-01 6:30,2022-03-31 6:05
60184,10000474,5072.4,2025-11-06 0:00,2691.61,2025-10-27 0:00,0,0,0,USD,1,2025-11-13 6:30,2025-11-13 6:16
60185,10000476,0,NULL,0,NULL,0,0,0,USD,1,2019-05-04 8:11,2019-05-04 7:08
60186,10000478,0,NULL,0,NULL,0,0,0,USD,1,2020-08-05 6:30,2020-08-04 6:15
60187,10000484,0,NULL,0,NULL,0,0,0,USD,1,2019-05-04 8:11,2019-05-04 7:08
60188,10000486,0,NULL,0,NULL,0,0,0,USD,1,2022-09-09 6:30,2022-09-08 6:06
60189,10000488,0,NULL,0,NULL,0,0,0,USD,1,2024-03-26 6:30,2024-03-26 6:16
60190,10000494,0,NULL,0,NULL,1321.82,0,0,USD,1,2024-03-15 6:30,2024-03-15 6:15
60191,10000496,28297,2025-11-12 0:00,2384.5,2025-10-17 0:00,0,0,0,USD,1,2025-11-13 6:30,2025-11-13 6:16
60192,10000498,0,NULL,589.5,2025-09-25 0:00,0,0,0,USD,1,2025-09-26 7:30,2025-09-26 6:16
60193,10000504,0,NULL,0,NULL,0,0,0,USD,1,2019-05-04 8:11,2019-05-04 7:08
60194,10000506,0,NULL,0,NULL,0,0,0,USD,1,2019-05-04 8:11,2019-05-04 7:08
60195,10000508,0,NULL,0,NULL,0,0,0,USD,1,2019-06-24 6:30,2019-06-23 6:15
60196,10000514,0,NULL,0,NULL,0,0,0,USD,1,2019-05-04 8:11,2019-05-04 7:08
60197,10000516,344.78,2025-11-10 0:00,0,NULL,0,0,0,USD,1,2025-11-13 6:30,2025-11-13 6:16
60198,10000518,0,NULL,0,NULL,0,0,0,USD,1,2021-06-26 6:30,2021-06-25 6:05
60199,10000526,0,NULL,0,NULL,0,0,0,USD,1,2019-05-04 8:11,2019-05-04 7:08
60200,10000528,0,NULL,0,NULL,0,0,0,USD,1,2025-04-16 7:30,2025-04-16 6:16
60201,10000534,0,NULL,0,NULL,0,0,0,USD,1,2023-07-08 6:30,2023-07-07 6:06
60202,10000536,0,NULL,0,NULL,0,0,0,USD,1,2019-05-04 8:11,2019-05-04 7:08
60203,10000538,0,NULL,0,NULL,0,0,0,USD,1,2021-02-03 6:30,2021-02-03 6:15
60204,10000544,0,NULL,0,NULL,0,0,0,USD,1,2019-05-04 8:11,2019-05-04 7:08
60205,10000546,0,NULL,0,NULL,0,0,0,USD,1,2024-01-24 6:30,2024-01-23 9:46
60206,10000548,0,NULL,0,NULL,0,0,0,USD,1,2021-05-19 6:30,2021-05-18 6:05
60207,10000554,739.52,2025-10-15 0:00,747.07,2025-09-18 0:00,0,0,0,USD,1,2025-11-13 6:30,2025-11-13 6:16
60208,10000556,0,NULL,0,NULL,0,0,0,USD,1,2025-05-15 7:30,2025-05-15 6:15
60209,10000558,0,NULL,0,NULL,0,0,0,USD,1,2019-05-04 8:11,2019-05-04 7:08
60210,10000564,0,NULL,0,NULL,0,0,0,USD,1,2023-02-28 6:30,2023-02-28 6:06
60211,10000566,814.83,2025-07-15 0:00,0,NULL,0,0,0,USD,1,2025-11-13 6:30,2025-11-13 6:16
60212,10000568,0,NULL,0,NULL,0,0,0,USD,1,2019-05-04 8:11,2019-05-04 7:08
60213,10000574,0,NULL,0,NULL,1389.13,0,0,USD,1,2025-09-17 7:30,2025-09-17 6:16
60214,10000576,0,NULL,0,NULL,60.85,0,0,USD,1,2022-07-21 6:30,2022-07-20 6:05
60215,10000578,0,NULL,0,NULL,0,0,0,USD,1,2019-05-04 8:11,2019-05-04 7:08
60216,10000584,0,NULL,0,NULL,0,0,0,USD,1,2019-05-04 8:11,2019-05-04 7:08
60217,10000586,0,NULL,0,NULL,0,0,0,USD,1,2019-05-04 8:11,2019-05-04 7:08
60218,10000588,0,NULL,0,NULL,0,0,0,USD,1,2019-05-04 8:11,2019-05-04 7:08
60219,10000594,0,NULL,0,NULL,0,0,0,USD,1,2021-06-13 6:30,2021-06-12 6:05
60220,10000596,0,NULL,0,NULL,0,0,0,USD,1,2019-05-04 8:11,2019-05-04 7:08
60221,10000598,0,NULL,0,NULL,0,0,0,USD,1,2019-08-29 6:30,2019-08-28 6:15
60222,10000604,0,NULL,0,NULL,0,0,0,USD,1,2019-05-04 8:11,2019-05-04 7:08
60223,10000606,0,NULL,0,NULL,5.16,0,0,USD,1,2019-11-09 6:32,2019-11-09 6:17
60224,10000608,0,NULL,0,NULL,0,0,0,USD,1,2019-05-04 8:11,2019-05-04 7:08
60225,10000614,116937.8,2025-11-12 0:00,106676.31,2025-10-23 0:00,1376.25,0,0,USD,1,2025-11-13 6:30,2025-11-13 6:16
60226,10000616,1109.28,2025-10-30 0:00,9550.56,2025-10-28 0:00,0,0,0,USD,1,2025-11-13 6:30,2025-11-13 6:16
60227,10000618,345.85,2025-10-31 0:00,0,NULL,924.52,0,0,USD,1,2025-11-13 6:30,2025-11-13 6:16
60228,10000624,0,NULL,0,NULL,-43.46,0,0,USD,1,2021-10-06 6:30,2021-10-05 6:05
60229,10000626,0,NULL,0,NULL,0,0,0,USD,1,2019-05-04 8:11,2019-05-04 7:08
60230,10000628,0,NULL,0,NULL,0,0,0,USD,1,2019-05-04 8:11,2019-05-04 7:08
60231,10000634,0,NULL,0,NULL,0,0,0,USD,1,2019-05-04 8:11,2019-05-04 7:08
60232,10000636,0,NULL,1156.58,2025-11-10 0:00,0,0,0,USD,1,2025-11-11 6:30,2025-11-11 6:16
60233,10000644,0,NULL,0,NULL,0,0,0,USD,1,2019-05-04 8:11,2019-05-04 7:08
60234,10000646,0,NULL,0,NULL,121.39,0,0,USD,1,2024-08-21 7:30,2024-08-21 6:16
60235,10000648,0,NULL,0,NULL,0,0,0,USD,1,2019-05-31 6:30,2019-05-30 6:16
60236,10000654,0,NULL,0,NULL,0,0,0,USD,1,2023-05-04 6:33,2023-05-03 6:06
60237,10000656,0,NULL,0,NULL,0,0,0,USD,1,2019-05-04 8:11,2019-05-04 7:08
60238,10000658,0,NULL,0,NULL,0,0,0,USD,1,2020-09-17 6:30,2020-09-16 6:15
60239,10000664,0,NULL,0,NULL,2.89,0,0,USD,1,2024-05-18 6:30,2024-05-17 6:16
60240,10000666,0,NULL,0,NULL,15.51,0,0,USD,1,2025-10-20 7:32,2025-10-20 3:16
60241,10000668,0,NULL,0,NULL,0,0,0,USD,1,2024-02-20 6:30,2024-02-19 6:31
60242,10000674,0,NULL,0,NULL,0,0,0,USD,1,2019-05-04 8:11,2019-05-04 7:08
60243,10000145,0,NULL,0,NULL,0,0,0,USD,1,2019-05-04 8:11,2019-05-04 7:08
60244,10000147,0,NULL,0,NULL,8.85,0,0,USD,1,2021-09-02 6:30,2021-09-01 6:05
60245,10000149,0,NULL,0,NULL,0,0,0,USD,1,2019-05-04 8:11,2019-05-04 7:08
60246,10000150,0,NULL,0,NULL,0,0,0,USD,1,2021-05-29 6:30,2021-05-28 6:05
60247,10000151,6426.54,2025-10-21 0:00,0,NULL,0,0,0,USD,1,2025-11-13 6:30,2025-11-13 6:16
60248,10000152,0,NULL,0,NULL,0,0,0,USD,1,2024-11-24 6:30,2024-11-23 16:16
60249,10000153,0,NULL,0,NULL,0,0,0,USD,1,2019-05-04 8:11,2019-05-04 7:08
60250,10000155,0,NULL,0,NULL,0,0,0,USD,1,2024-01-30 6:30,2024-01-30 6:15
60251,10000157,0,NULL,0,NULL,0,0,0,USD,1,2025-08-05 7:30,2025-08-04 18:15
60252,10000159,0,NULL,0,NULL,0,0,0,USD,1,2019-05-04 8:11,2019-05-04 7:08
60253,10000160,0,NULL,0,NULL,0,0,0,USD,1,2019-05-04 8:11,2019-05-04 7:08
60254,10000161,0,NULL,0,NULL,0,0,0,USD,1,2020-12-17 6:30,2020-12-17 6:15
60255,10000162,0,NULL,0,NULL,0,0,0,USD,1,2019-05-04 8:11,2019-05-04 7:08
60256,10000163,0,NULL,0,NULL,0,0,0,USD,1,2024-01-31 6:30,2024-01-31 6:16
60257,10000165,92.8,2025-10-07 0:00,0,NULL,0,0,0,USD,1,2025-11-13 6:30,2025-11-13 6:16
60258,10000167,0,NULL,0,NULL,0,0,0,USD,1,2019-05-04 8:11,2019-05-04 7:08
60259,10000169,0,NULL,0,NULL,0,0,0,USD,1,2022-04-30 6:33,2022-04-29 6:05
60260,10000170,0,NULL,0,NULL,0,0,0,USD,1,2025-10-20 7:30,2025-10-20 3:16
60261,10000171,0,NULL,0,NULL,0,0,0,USD,1,2020-11-18 6:30,2020-11-18 6:15
60262,10000172,0,NULL,0,NULL,6.99,0,0,USD,1,2020-03-28 6:30,2020-03-28 6:15
60263,10000173,28439.85,2025-11-12 0:00,25061.6,2025-10-22 0:00,34.64,0,0,USD,1,2025-11-13 6:30,2025-11-13 6:16
60264,10000175,2973.43,2025-10-23 0:00,6669.89,2025-10-22 0:00,0,0,0,USD,1,2025-11-13 6:30,2025-11-13 6:16
60265,10000177,4159.8,2025-11-04 0:00,2061.93,2025-10-27 0:00,0,0,0,USD,1,2025-11-13 6:30,2025-11-13 6:16
60266,10000179,0,NULL,0,NULL,35.67,0,0,USD,1,2019-10-30 6:30,2019-10-30 6:15
60267,10000180,0,NULL,0,NULL,0,0,0,USD,1,2019-05-04 8:11,2019-05-04 7:08
60268,10000181,0,NULL,0,NULL,0,0,0,USD,1,2019-05-04 8:11,2019-05-04 7:08
60269,10000182,0,NULL,0,NULL,145.03,0,0,USD,1,2025-07-16 7:30,2025-07-15 18:32
60270,10000183,0,NULL,0,NULL,0.2,0,0,USD,1,2024-02-28 6:30,2024-02-28 6:16
60271,10000185,0,NULL,0,NULL,0,0,0,USD,1,2019-05-04 8:11,2019-05-04 7:08
60272,10000187,0,NULL,0,NULL,0,0,0,USD,1,2019-08-12 6:30,2019-08-11 13:30
60273,10000189,0,NULL,0,NULL,0,0,0,USD,1,2022-12-24 6:31,2022-12-24 6:06
60274,10000190,0,NULL,0,NULL,0,0,0,USD,1,2019-05-04 8:11,2019-05-04 7:08
60275,10000191,3166.51,2025-10-01 0:00,15226.41,2025-10-08 0:00,0,0,0,USD,1,2025-11-13 6:30,2025-11-13 6:16
60276,10000192,0,NULL,0,NULL,0,0,0,USD,1,2019-05-04 8:11,2019-05-04 7:08
60277,10000193,19365.63,2025-11-11 0:00,24831.05,2025-11-04 0:00,0,0,0,USD,1,2025-11-13 6:30,2025-11-13 6:16
60278,10000195,0,NULL,0,NULL,0,0,0,USD,1,2023-05-03 6:30,2023-05-02 16:39
60279,10000197,2627.27,2025-11-06 0:00,0,NULL,3.07,0,0,USD,1,2025-11-13 6:30,2025-11-13 6:16
60280,10000199,0,NULL,0,NULL,0,0,0,USD,1,2025-08-20 7:30,2025-08-20 6:16
60281,10000200,0,NULL,0,NULL,0,0,0,USD,1,2019-05-04 8:11,2019-05-04 7:08
60282,10000201,0,NULL,0,NULL,0,0,0,USD,1,2019-05-04 8:11,2019-05-04 7:08
60283,10000202,0,NULL,0,NULL,0,0,0,USD,1,2022-09-08 6:30,2022-09-07 6:06
60284,10000203,0,NULL,0,NULL,0,0,0,USD,1,2019-05-04 8:11,2019-05-04 7:08
60285,10000205,0,NULL,0,NULL,0,0,0,USD,1,2024-03-20 6:30,2024-03-20 6:16
60286,10000207,5532.37,2025-11-11 0:00,9764.22,2025-11-04 0:00,0,0,0,USD,1,2025-11-13 6:30,2025-11-13 6:16
60287,10000209,0,NULL,0,NULL,0,0,0,USD,1,2019-05-04 8:11,2019-05-04 7:08
60288,10000210,0,NULL,0,NULL,0,0,0,USD,1,2019-05-04 8:11,2019-05-04 7:08
60289,10000211,564.96,2025-11-07 0:00,0,NULL,0,0,0,USD,1,2025-11-13 6:30,2025-11-13 6:16
60290,10000212,16363.12,2025-11-10 0:00,8873.86,2025-10-28 0:00,0,0,0,USD,1,2025-11-13 6:30,2025-11-13 6:16
60291,10000213,15012.31,2025-11-10 0:00,41990.96,2025-10-17 0:00,-10.68,0,0,USD,1,2025-11-13 6:30,2025-11-13 6:16
60292,10000215,12427.81,2025-11-07 0:00,165950.51,2025-11-07 0:00,20583.67,0,0,USD,1,2025-11-13 6:30,2025-11-13 6:16
60293,10000217,5560.68,2025-11-04 0:00,2991.44,2025-04-22 0:00,0,0,0,USD,1,2025-11-13 6:30,2025-11-13 6:16
60294,10000219,0,NULL,0,NULL,20604.18,0,0,USD,1,2025-11-08 6:31,2025-11-08 6:16
60295,10000220,0,NULL,4162.48,2025-11-11 0:00,0,0,0,USD,1,2025-11-12 6:30,2025-11-12 6:16
60296,10000221,139528.67,2025-11-12 0:00,465607.59,2025-11-11 0:00,22935.54,0,0,USD,1,2025-11-13 6:30,2025-11-13 6:16
60297,10000222,34173.14,2025-11-11 0:00,18104.09,2025-06-13 0:00,36940.44,0,0,USD,1,2025-11-13 6:30,2025-11-13 6:16
60298,10000223,2780.32,2025-09-29 0:00,0,NULL,0,0,0,USD,1,2025-11-13 6:30,2025-11-13 6:16
60299,10000225,2816.74,2025-11-04 0:00,12805.74,2025-10-20 0:00,7103.54,0,0,USD,1,2025-11-13 6:30,2025-11-13 6:16
60300,10000227,0,NULL,0,NULL,-1792.12,0,0,USD,1,2025-09-18 7:30,2025-09-17 20:15
60301,10000229,13477.31,2024-11-07 0:00,0,NULL,0,0,0,USD,1,2025-11-13 6:30,2025-11-13 6:16
60302,10000230,306.23,2025-10-27 0:00,410.77,2025-10-06 0:00,-1334.71,0,0,USD,1,2025-11-13 6:30,2025-11-13 6:16
60303,10000231,0,NULL,0,NULL,0,0,0,USD,1,2019-05-04 8:11,2019-05-04 7:08
60304,10000232,0,NULL,0,NULL,29.09,0,0,USD,1,2021-08-19 6:31,2021-08-18 6:05
60305,10000233,617.1,2025-09-19 0:00,0,NULL,0,0,0,USD,1,2025-11-13 6:30,2025-11-13 6:16
60306,10000235,1064.31,2025-11-07 0:00,14358.73,2025-10-20 0:00,0,0,0,USD,1,2025-11-13 6:30,2025-11-13 6:16
60307,10000237,0,NULL,0,NULL,0,0,0,USD,1,2019-05-04 8:11,2019-05-04 7:08
60308,10000239,0,NULL,0,NULL,0,0,0,USD,1,2019-12-07 6:30,2019-12-07 6:16
60309,10000240,0,NULL,0,NULL,0,0,0,USD,1,2019-05-04 8:11,2019-05-04 7:08
60310,10000241,0,NULL,0,NULL,0,0,0,USD,1,2023-09-03 6:30,2023-09-02 6:05
60311,10000242,0,NULL,0,NULL,6649.83,0,0,USD,1,2019-12-27 6:30,2019-12-26 16:03
60312,10000243,0,NULL,0,NULL,0,0,0,USD,1,2019-05-04 8:11,2019-05-04 7:08
60313,10000245,0,NULL,0,NULL,0,0,0,USD,1,2019-05-04 8:11,2019-05-04 7:08
60314,10000247,0,NULL,0,NULL,0,0,0,USD,1,2019-05-04 8:11,2019-05-04 7:08
60315,10000249,1494.74,2025-11-10 0:00,0,NULL,0,0,0,USD,1,2025-11-13 6:30,2025-11-13 6:16
60316,10000250,237.35,2025-11-10 0:00,0,NULL,0,0,0,USD,1,2025-11-13 6:30,2025-11-13 6:16
60317,10000251,0,NULL,0,NULL,0,0,0,USD,1,2025-06-03 7:30,2025-06-03 6:16
60318,10000252,130.17,2018-07-06 0:00,0,NULL,0,0,0,USD,1,2025-11-13 6:30,2025-11-13 6:16
60319,10000253,0,NULL,0,NULL,0,0,0,USD,1,2019-05-04 8:11,2019-05-04 7:08
60320,10000255,458,2025-11-04 0:00,219,2025-09-04 0:00,0,0,0,USD,1,2025-11-05 6:53,2025-11-05 6:16
60321,10000257,0,NULL,0,NULL,0,0,0,USD,1,2020-05-28 6:30,2020-05-27 6:15
60322,10000259,0,NULL,0,NULL,0,0,0,USD,1,2019-05-04 8:11,2019-05-04 7:08
60323,10000260,0,NULL,0,NULL,0,0,0,USD,1,2023-10-06 6:30,2023-10-05 6:16
60324,10000261,2741.79,2025-11-10 0:00,10370.35,2025-10-30 0:00,0,0,0,USD,1,2025-11-13 6:30,2025-11-13 6:16
60325,10000262,0,NULL,0,NULL,0,0,0,USD,1,2019-05-04 8:11,2019-05-04 7:08
60326,10000263,0,NULL,0,NULL,0,0,0,USD,1,2019-05-04 8:11,2019-05-04 7:08
60327,10000265,0,NULL,0,NULL,0,0,0,USD,1,2019-05-04 8:11,2019-05-04 7:08
60328,10000267,0,NULL,0,NULL,0,0,0,USD,1,2023-06-17 6:30,2023-06-16 6:05
60329,10000269,0,NULL,0,NULL,0,0,0,USD,1,2025-01-17 6:30,2025-01-17 6:15
60330,10000270,0,NULL,0,NULL,0,0,0,USD,1,2025-04-13 7:30,2025-04-12 14:33
60331,10000271,217,2025-09-09 0:00,0,NULL,0,0,0,USD,1,2025-11-13 6:30,2025-11-13 6:16
60332,10000272,0,NULL,0,NULL,0,0,0,USD,1,2019-05-04 8:11,2019-05-04 7:08
60333,10000273,0,NULL,0,NULL,0,0,0,USD,1,2025-09-19 7:30,2025-09-19 6:16
60334,10000275,0,NULL,0,NULL,0,0,0,USD,1,2019-05-04 8:11,2019-05-04 7:08
60335,10000277,0,NULL,0,NULL,0,0,0,USD,1,2024-07-26 7:37,2024-07-26 6:16
60336,10000279,0,NULL,0,NULL,0,0,0,USD,1,2024-03-20 6:30,2024-03-20 6:16
60337,10000280,0,NULL,0,NULL,0,0,0,USD,1,2019-05-04 8:11,2019-05-04 7:08
60338,10000281,0,NULL,0,NULL,0,0,0,USD,1,2019-05-04 8:11,2019-05-04 7:08
60339,10000282,0,NULL,0,NULL,0,0,0,USD,1,2025-04-02 7:30,2025-04-02 6:16
60340,10000283,0,NULL,0,NULL,0,0,0,USD,1,2019-05-04 8:11,2019-05-04 7:08
60341,10000285,0,NULL,0,NULL,0,0,0,USD,1,2025-09-22 7:30,2025-09-22 6:16
60342,10000287,0,NULL,0,NULL,0,0,0,USD,1,2019-05-04 8:11,2019-05-04 7:08
60343,10000289,0,NULL,1077.93,2025-11-11 0:00,0,0,0,USD,1,2025-11-12 6:30,2025-11-12 6:16
60344,10000290,7471.49,2025-11-06 0:00,19381.73,2025-09-11 0:00,0,0,0,USD,1,2025-11-13 6:30,2025-11-13 6:16
60345,10000291,0,NULL,0,NULL,0,0,0,USD,1,2019-05-04 8:11,2019-05-04 7:08
60346,10000292,0,NULL,0,NULL,0,0,0,USD,1,2019-05-04 8:11,2019-05-04 7:08
60347,10000293,24577.69,2025-11-10 0:00,29197.09,2025-10-28 0:00,-33.11,0,0,USD,1,2025-11-13 6:30,2025-11-13 6:16
60348,10000295,58892.21,2025-11-12 0:00,0,NULL,0,0,0,USD,1,2025-11-13 6:30,2025-11-13 6:16
60349,10000297,0,NULL,0,NULL,0,0,0,USD,1,2021-02-10 6:30,2021-02-10 6:15
60350,10000299,141083.08,2025-11-11 0:00,114826.76,2025-10-29 0:00,-7755.27,0,0,USD,1,2025-11-13 6:30,2025-11-13 6:16
60351,10000300,167.03,2025-10-09 0:00,0,NULL,0,0,0,USD,1,2025-11-13 6:30,2025-11-13 6:16
60352,10000301,0,NULL,0,NULL,0,0,0,USD,1,2023-11-12 6:30,2023-11-11 17:15
60353,10000302,0,NULL,0,NULL,0,0,0,USD,1,2019-05-04 8:11,2019-05-04 7:08
60354,10000303,0,NULL,0,NULL,0,0,0,USD,1,2019-05-04 8:11,2019-05-04 7:08
60355,10000305,0,NULL,0,NULL,0,0,0,USD,1,2019-05-04 8:11,2019-05-04 7:08
60356,10000307,0,NULL,0,NULL,0,0,0,USD,1,2019-05-04 8:11,2019-05-04 7:08
60357,10000309,25368.87,2025-11-11 0:00,0,NULL,0,0,0,USD,1,2025-11-13 6:30,2025-11-13 6:16
60358,10000310,1343071.78,2025-11-12 0:00,41020.7,2025-11-12 0:00,8599.31,774.2,0,USD,1,2025-11-13 6:30,2025-11-13 6:16
60359,10000311,0,NULL,0,NULL,0,0,0,USD,1,2021-07-04 6:30,2021-07-03 6:05
60360,10000312,364.05,2025-10-08 0:00,10131.52,2025-10-14 0:00,-177.83,0,0,USD,1,2025-11-13 6:30,2025-11-13 6:16
60361,10000313,0,NULL,0,NULL,0,0,0,USD,1,2025-01-17 6:30,2025-01-17 6:15
60362,10000315,0,NULL,0,NULL,0,0,0,USD,1,2019-05-04 8:11,2019-05-04 7:08
60363,10000317,627.09,2025-10-03 0:00,0,NULL,0,0,0,USD,1,2025-11-13 6:30,2025-11-13 6:16
60364,10000319,0,NULL,0,NULL,0,0,0,USD,1,2019-05-04 8:11,2019-05-04 7:08
60365,10000320,0,NULL,0,NULL,0,0,0,USD,1,2019-05-04 8:11,2019-05-04 7:08
60366,10000321,2802.61,2025-11-11 0:00,0,NULL,20.56,0,0,USD,1,2025-11-13 6:30,2025-11-13 6:16
60367,10000322,0,NULL,0,NULL,0,0,0,USD,1,2019-05-04 8:11,2019-05-04 7:08
60368,10000323,0,NULL,0,NULL,0,0,0,USD,1,2019-05-04 8:11,2019-05-04 7:08
60369,10000325,2591.28,2025-10-31 0:00,919.34,2025-10-27 0:00,0,246.63,0,USD,1,2025-11-13 6:30,2025-11-13 6:16
60370,10000327,0,NULL,0,NULL,0,0,0,USD,1,2019-05-04 8:11,2019-05-04 7:08
60371,10000329,0,NULL,0,NULL,0,0,0,USD,1,2019-05-04 8:11,2019-05-04 7:08
60372,10000330,99745.55,2025-11-12 0:00,37903.54,2025-11-04 0:00,-24706.03,0,0,USD,1,2025-11-13 6:30,2025-11-13 6:16
60373,10000331,80394.57,2025-11-11 0:00,17274.66,2025-10-27 0:00,0,0,0,USD,1,2025-11-13 6:30,2025-11-13 6:16
60374,10000332,0,NULL,0,NULL,0,0,0,USD,1,2019-05-04 8:11,2019-05-04 7:08
60375,10000333,0,NULL,0,NULL,0,0,0,USD,1,2019-05-04 8:11,2019-05-04 7:08
60376,10000335,0,NULL,0,NULL,0,0,0,USD,1,2023-09-28 6:31,2023-09-27 6:16
60377,10000337,11568.76,2025-11-11 0:00,5635.43,2025-10-10 0:00,0,0,0,USD,1,2025-11-13 6:30,2025-11-13 6:16
60378,10000339,0,NULL,0,NULL,0,0,0,USD,1,2023-11-12 6:30,2023-11-11 17:15
60379,10000340,0,NULL,0,NULL,0,0,0,USD,1,2025-10-22 7:38,2025-10-21 17:15
60380,10000341,0,NULL,0,NULL,0,0,0,USD,1,2025-03-23 6:30,2025-03-22 13:46
60381,10000342,0,NULL,0,NULL,0,0,0,USD,1,2025-01-24 6:30,2025-01-24 6:15
60382,10000343,0,NULL,0,NULL,0,0,0,USD,1,2019-05-04 8:11,2019-05-04 7:08
60383,10000345,0,NULL,0,NULL,0,0,0,USD,1,2019-05-04 8:11,2019-05-04 7:08
60384,10000347,0,NULL,0,NULL,0,0,0,USD,1,2025-01-10 6:30,2025-01-10 6:15
60385,10000349,189.16,2025-10-06 0:00,0,NULL,0,0,0,USD,1,2025-11-13 6:30,2025-11-13 6:16
60386,10000350,0,NULL,0,NULL,0,0,0,USD,1,2023-03-26 6:30,2023-03-25 16:20
60387,10000351,0,NULL,0,NULL,0,0,0,USD,1,2019-05-04 8:11,2019-05-04 7:08
60388,10000352,4747.24,2025-10-14 0:00,730.58,2025-10-27 0:00,0,0,0,USD,1,2025-11-13 6:30,2025-11-13 6:16
60389,10000353,425.94,2025-10-30 0:00,0,NULL,0,0,0,USD,1,2025-11-13 6:30,2025-11-13 6:16
60390,10000355,0,NULL,283.5,2025-04-29 0:00,0,0,0,USD,1,2025-04-30 7:30,2025-04-30 6:16
60391,10000357,0,NULL,0,NULL,0,0,0,USD,1,2021-06-16 6:31,2021-06-15 6:05
60392,10000359,17978.31,2023-02-04 0:00,0,NULL,0,0,0,USD,1,2025-11-13 6:30,2025-11-13 6:16
60393,10000360,0,NULL,0,NULL,0,0,0,USD,1,2019-05-04 8:11,2019-05-04 7:08
60394,10000361,0,NULL,0,NULL,0,0,0,USD,1,2024-08-10 7:31,2024-08-10 6:15
60395,10000362,0,NULL,0,NULL,0,0,0,USD,1,2019-05-04 8:11,2019-05-04 7:08
60396,10000363,0,NULL,0,NULL,0,0,0,USD,1,2024-04-14 6:30,2024-04-13 6:16
60397,10000365,0,NULL,0,NULL,0,0,0,USD,1,2023-11-17 6:30,2023-11-17 6:16
60398,10000367,0,NULL,0,NULL,0,0,0,USD,1,2025-01-11 6:31,2025-01-11 6:15
60399,10000369,0,NULL,0,NULL,0,0,0,USD,1,2025-10-31 6:30,2025-10-31 6:16
60400,10000370,0,NULL,0,NULL,0,0,0,USD,1,2019-05-04 8:11,2019-05-04 7:08
60401,10000371,0,NULL,0,NULL,0,0,0,USD,1,2019-05-04 8:11,2019-05-04 7:08
60402,10000372,0,NULL,0,NULL,0,0,0,USD,1,2021-06-19 6:31,2021-06-18 6:05
60403,10000373,2010.48,2025-11-10 0:00,5520.61,2025-11-11 0:00,66.54,0,0,USD,1,2025-11-13 6:30,2025-11-13 6:16
60404,10000375,463.98,2018-08-15 0:00,0,NULL,11.71,0,0,USD,1,2025-11-13 6:30,2025-11-13 6:16
60405,10000377,40377.11,2025-11-07 0:00,0,NULL,0,2670,0,USD,1,2025-11-11 6:30,2025-11-11 6:16
60406,10000379,16148.07,2025-11-11 0:00,0,NULL,0,0,0,USD,1,2025-11-13 6:30,2025-11-13 6:16
60407,10000380,3619.08,2025-10-17 0:00,0,NULL,0,0,0,USD,1,2025-11-13 6:30,2025-11-13 6:16
60408,10000381,0,NULL,0,NULL,0,0,0,USD,1,2019-05-04 8:11,2019-05-04 7:08
60409,10000382,0,NULL,0,NULL,0,0,0,USD,1,2019-05-04 8:11,2019-05-04 7:08
60410,10000383,0,NULL,0,NULL,0,0,0,USD,1,2019-05-04 8:11,2019-05-04 7:08
60411,10000385,0,NULL,0,NULL,0,0,0,USD,1,2019-05-04 8:11,2019-05-04 7:08
60412,10000387,0,NULL,0,NULL,0,0,0,USD,1,2019-05-04 8:11,2019-05-04 7:08
60413,10000389,8556.58,2025-11-07 0:00,13329.78,2025-10-29 0:00,0,0,0,USD,1,2025-11-13 6:30,2025-11-13 6:16
60414,10000390,0,NULL,2102.54,2025-10-06 0:00,0,0,0,USD,1,2025-10-30 6:30,2025-10-30 6:16
60415,10000391,6198.79,2025-10-29 0:00,0,NULL,0,0,0,USD,1,2025-11-13 6:30,2025-11-13 6:16
60416,10000392,477.91,2025-11-11 0:00,5247.48,2025-11-11 0:00,0,0,0,USD,1,2025-11-13 6:30,2025-11-13 6:16
60417,10000393,0,NULL,0,NULL,0,0,0,USD,1,2019-05-04 8:11,2019-05-04 7:08
60418,10000395,0,NULL,0,NULL,0,0,0,USD,1,2019-05-04 8:11,2019-05-04 7:08
60419,10000397,0,NULL,0,NULL,0,0,0,USD,1,2019-05-04 8:11,2019-05-04 7:08
60420,10000399,0,NULL,0,NULL,0,0,0,USD,1,2021-03-28 6:30,2021-03-27 13:25
60421,10000400,0,NULL,5364.94,2025-09-08 0:00,0,0,0,USD,1,2025-09-09 7:30,2025-09-09 6:17
60422,10000401,19.52,2025-05-31 0:00,512.48,2025-07-29 0:00,0,0,0,USD,1,2025-11-13 6:30,2025-11-13 6:16
60423,10000402,0,NULL,0,NULL,0,0,0,USD,1,2019-05-04 8:11,2019-05-04 7:08
60424,10000403,0,NULL,0,NULL,0,0,0,USD,1,2019-05-04 8:11,2019-05-04 7:08
60425,10000405,0,NULL,0,NULL,0,0,0,USD,1,2025-11-11 6:30,2025-11-11 6:16
60426,10000407,0,NULL,0,NULL,68.09,0,0,USD,1,2024-05-23 6:30,2024-05-22 6:15
60427,10000409,0,NULL,0,NULL,0,0,0,USD,1,2019-05-04 8:11,2019-05-04 7:08
60428,10000410,0,NULL,0,NULL,0,0,0,USD,1,2019-10-17 6:30,2019-10-16 6:15
60429,10000411,0,NULL,0,NULL,0,0,0,USD,1,2019-08-22 6:30,2019-08-21 6:15
60430,10000412,78874.39,2025-11-12 0:00,13767.61,2025-10-17 0:00,-445.32,0,0,USD,1,2025-11-13 6:30,2025-11-13 6:16
60431,10000413,0,NULL,0,NULL,526.33,0,0,USD,1,2021-05-15 6:31,2021-05-14 8:45
60432,10000415,0,NULL,-63.3,2023-02-10 0:00,0,0,0,USD,1,2023-05-17 6:31,2023-05-16 6:05
60433,10000417,0,NULL,0,NULL,0,0,0,USD,1,2019-05-04 8:11,2019-05-04 7:08
60434,10000419,0,NULL,0,NULL,0,0,0,USD,1,2019-05-04 8:11,2019-05-04 7:08
60435,10000420,0,NULL,0,NULL,0,0,0,USD,1,2022-06-29 6:31,2022-06-28 6:05
60436,10000421,0,NULL,0,NULL,0,0,0,USD,1,2022-08-17 6:31,2022-08-16 6:05
60437,10000422,0,NULL,0,NULL,0,0,0,USD,1,2019-05-04 8:11,2019-05-04 7:08
60438,10000423,0,NULL,0,NULL,0,0,0,USD,1,2019-05-04 8:11,2019-05-04 7:08
60439,10000425,892.28,2025-11-07 0:00,5482.59,2025-10-17 0:00,0,0,0,USD,1,2025-11-13 6:30,2025-11-13 6:16
60440,10000427,0,NULL,0,NULL,0,0,0,USD,1,2019-05-04 8:11,2019-05-04 7:08
60441,10000429,0,NULL,0,NULL,16.48,0,0,USD,1,2019-05-04 8:11,2019-05-04 7:08
60442,10000430,0,NULL,0,NULL,0,0,0,USD,1,2025-04-18 7:30,2025-04-18 6:16
60443,10000431,0,NULL,0,NULL,0,0,0,USD,1,2019-05-04 8:11,2019-05-04 7:08
60444,10000432,0,NULL,0,NULL,0,0,0,USD,1,2022-03-05 6:31,2022-03-05 6:05
60445,10000433,5269.86,2025-11-03 0:00,3091.46,2025-10-21 0:00,0,0,0,USD,1,2025-11-13 6:30,2025-11-13 6:16
60446,10000435,0,NULL,0,NULL,0,0,0,USD,1,2019-12-12 6:30,2019-12-12 6:15
60447,10000437,0,NULL,0,NULL,0,0,0,USD,1,2019-05-04 8:11,2019-05-04 7:08
60448,10000439,0,NULL,0,NULL,0.22,0,0,USD,1,2021-11-25 6:30,2021-11-25 6:05
60449,10000440,123779.18,2025-11-12 0:00,109745.23,2025-10-22 0:00,217698.65,0,0,USD,1,2025-11-13 6:30,2025-11-13 6:16
60450,10000441,0,NULL,0,NULL,0.03,0,0,USD,1,2024-03-12 6:30,2024-03-12 6:15
60451,10000442,0,NULL,0,NULL,0,0,0,USD,1,2019-05-04 8:11,2019-05-04 7:08
60452,10000443,8044.06,2025-11-03 0:00,704.69,2025-10-08 0:00,34.84,0,0,USD,1,2025-11-13 6:30,2025-11-13 6:16
60453,10000445,19682.88,2025-11-10 0:00,5014.5,2025-10-31 0:00,0,0,0,USD,1,2025-11-13 6:30,2025-11-13 6:16
60454,10000447,0,NULL,0,NULL,0,0,0,USD,1,2019-05-04 8:11,2019-05-04 7:08
60455,10000449,0,NULL,0,NULL,0,0,0,USD,1,2019-05-04 8:11,2019-05-04 7:08
60456,10000450,0,NULL,0,NULL,0,0,0,USD,1,2022-02-22 6:31,2022-02-22 6:05
60457,10000451,0,NULL,0,NULL,0,0,0,USD,1,2019-05-04 8:11,2019-05-04 7:08
60458,10000452,9648.02,2025-11-07 0:00,3302.48,2025-10-07 0:00,0,0,0,USD,1,2025-11-13 6:30,2025-11-13 6:16
60459,10000453,3278.95,2025-11-11 0:00,226572.13,2025-11-11 0:00,0,0,0,USD,1,2025-11-13 6:30,2025-11-13 6:16
60460,10000455,0,NULL,0,NULL,0,0,0,USD,1,2025-07-10 7:30,2025-07-10 6:16
60461,10000457,0,NULL,0,NULL,0,0,0,USD,1,2024-01-04 6:31,2024-01-03 11:01
60462,10000459,0,NULL,0,NULL,0,0,0,USD,1,2022-04-21 6:32,2022-04-20 6:05
60463,10000460,0,NULL,0,NULL,188.82,0,0,USD,1,2019-06-13 6:31,2019-06-12 6:15
60464,10000461,1386.96,2025-10-29 0:00,0,NULL,0,0,0,USD,1,2025-11-13 6:30,2025-11-13 6:16
60465,10000462,0,NULL,0,NULL,0,0,0,USD,1,2024-06-20 6:32,2024-06-19 6:16
60466,10000463,0,NULL,0,NULL,0,0,0,USD,1,2019-05-04 8:11,2019-05-04 7:08
60467,10000465,6470.8,2025-11-10 0:00,0,NULL,0,0,0,USD,1,2025-11-13 6:30,2025-11-13 6:16
60468,10000467,0,NULL,0,NULL,0,0,0,USD,1,2019-05-04 8:11,2019-05-04 7:08
60469,10000469,0,NULL,0,NULL,0,0,0,USD,1,2019-05-04 8:11,2019-05-04 7:08
60470,10000470,582.41,2018-09-19 0:00,0,NULL,0,0,0,USD,1,2025-11-13 6:30,2025-11-13 6:16
60471,10000471,0,NULL,0,NULL,0,0,0,USD,1,2019-05-04 8:11,2019-05-04 7:08
60472,10000473,0,NULL,0,NULL,0,0,0,USD,1,2019-05-04 8:11,2019-05-04 7:08
60473,10000475,0,NULL,0,NULL,0,0,0,USD,1,2025-04-16 7:30,2025-04-16 6:16
60474,10000477,0,NULL,0,NULL,0,0,0,USD,1,2019-05-04 8:11,2019-05-04 7:08
60475,10000479,597.47,2025-11-11 0:00,0,NULL,0,0,0,USD,1,2025-11-13 6:30,2025-11-13 6:16
60476,10000480,567.4,2025-10-17 0:00,0,NULL,0,0,0,USD,1,2025-11-13 6:30,2025-11-13 6:16
60477,10000481,69496.26,2025-11-07 0:00,0,NULL,0,0,0,USD,1,2025-11-13 6:30,2025-11-13 6:16
60478,10000482,0,NULL,0,NULL,0,0,0,USD,1,2025-01-04 6:30,2025-01-04 6:15
60479,10000483,0,NULL,0,NULL,0,0,0,USD,1,2019-05-04 8:11,2019-05-04 7:08
60480,10000485,0,NULL,0,NULL,0,0,0,USD,1,2019-05-04 8:11,2019-05-04 7:08
60481,10000487,0,NULL,0,NULL,59.52,0,0,USD,1,2020-10-31 6:31,2020-10-31 6:15
60482,10000489,0,NULL,0,NULL,-1079.9,0,0,USD,1,2025-07-10 7:30,2025-07-10 6:16
60483,10000490,0,NULL,0,NULL,0,0,0,USD,1,2021-01-20 6:31,2021-01-20 6:15
60484,10000491,0,NULL,0,NULL,-997.19,0,0,USD,1,2023-12-22 6:30,2023-12-21 16:46
60485,10000492,0,NULL,0,NULL,0,0,0,USD,1,2019-05-04 8:11,2019-05-04 7:08
60486,10000493,0,NULL,0,NULL,0,0,0,USD,1,2020-04-05 6:31,2020-04-04 6:15
60487,10000495,0,NULL,0,NULL,0,0,0,USD,1,2019-05-04 8:11,2019-05-04 7:08
60488,10000497,0,NULL,0,NULL,0,0,0,USD,1,2019-05-04 8:11,2019-05-04 7:08
60489,10000499,0,NULL,0,NULL,0,0,0,USD,1,2019-05-04 8:11,2019-05-04 7:08
60490,10000501,0,NULL,0,NULL,-2884.1,0,0,USD,1,2025-10-15 7:34,2025-10-15 6:16
60491,10000502,0,NULL,0,NULL,725.4,0,0,USD,1,2024-04-06 7:02,2024-04-05 6:15
60492,10000503,74807.09,2025-11-12 0:00,139294.87,2025-10-27 0:00,-12.8,0,0,USD,1,2025-11-13 6:30,2025-11-13 6:16
60493,10000505,0,NULL,0,NULL,0,0,0,USD,1,2021-04-10 9:49,2021-04-09 6:15
60494,10000507,0,NULL,0,NULL,-58.67,0,0,USD,1,2021-06-20 6:31,2021-06-19 13:35
60495,10000509,37.73,2018-06-29 0:00,0,NULL,0,0,0,USD,1,2025-11-13 6:30,2025-11-13 6:16
60496,10000510,0,NULL,0,NULL,0,0,0,USD,1,2019-05-04 8:11,2019-05-04 7:08
60497,10000511,0,NULL,0,NULL,0,0,0,USD,1,2019-05-04 8:11,2019-05-04 7:08
60498,10000512,0,NULL,0,NULL,0,0,0,USD,1,2019-05-04 8:11,2019-05-04 7:08
60499,10000513,0,NULL,0,NULL,0,0,0,USD,1,2019-11-05 6:30,2019-11-05 6:15
60500,10000515,0,NULL,0,NULL,0,0,0,USD,1,2019-05-04 8:11,2019-05-04 7:08
60501,10000517,0,NULL,0,NULL,0,0,0,USD,1,2022-04-08 6:32,2022-04-07 6:05
60502,10000519,0,NULL,0,NULL,0,0,0,USD,1,2019-05-04 8:11,2019-05-04 7:08
60503,10000520,0,NULL,0,NULL,161.86,0,0,USD,1,2025-05-25 7:31,2025-05-25 2:14
60504,10000521,0,NULL,0,NULL,0,0,0,USD,1,2019-05-04 8:11,2019-05-04 7:08
60505,10000522,0,NULL,0,NULL,0,0,0,USD,1,2019-05-04 8:11,2019-05-04 7:08
60506,10000523,0,NULL,0,NULL,0,0,0,USD,1,2019-05-04 8:11,2019-05-04 7:08
60507,10000525,0,NULL,0,NULL,1070.74,0,0,USD,1,2024-06-08 6:30,2024-06-07 6:16
60508,10000527,42061.11,2025-11-07 0:00,27767.38,2025-10-15 0:00,0,0,0,USD,1,2025-11-13 6:30,2025-11-13 6:16
60509,10000529,4608.6,2025-11-07 0:00,20729.1,2025-11-07 0:00,0,0,0,USD,1,2025-11-13 6:30,2025-11-13 6:16
60510,10000530,0,NULL,0,NULL,0,0,0,USD,1,2019-05-04 8:11,2019-05-04 7:08
60511,10000531,0,NULL,0,NULL,0,0,0,USD,1,2019-05-04 8:11,2019-05-04 7:08
60512,10000532,2386.02,2025-11-10 0:00,12309.03,2025-11-03 0:00,327.69,0,0,USD,1,2025-11-13 6:30,2025-11-13 6:16
60513,10000533,0,NULL,0,NULL,0,0,0,USD,1,2019-05-04 8:11,2019-05-04 7:08
60514,10000535,223.07,2025-10-06 0:00,0,NULL,0,0,0,USD,1,2025-11-13 6:30,2025-11-13 6:16
60515,10000537,159.54,2025-10-20 0:00,0,NULL,0,0,0,USD,1,2025-11-13 6:30,2025-11-13 6:16
60516,10000539,0,NULL,0,NULL,0,0,0,USD,1,2019-05-04 8:11,2019-05-04 7:08
60517,10000540,0,NULL,0,NULL,0,0,0,USD,1,2019-05-04 8:11,2019-05-04 7:08
60518,10000541,0,NULL,0,NULL,0,0,0,USD,1,2019-05-04 8:11,2019-05-04 7:08
60519,10000542,0,NULL,0,NULL,0,0,0,USD,1,2023-12-23 6:31,2023-12-23 6:16
60520,10000543,0,NULL,0,NULL,0,0,0,USD,1,2023-09-24 6:31,2023-09-23 13:02
60521,10000545,0,NULL,0,NULL,0,0,0,USD,1,2025-10-03 7:30,2025-10-03 6:16
60522,10000547,2077.95,2025-11-05 0:00,0,NULL,0,0,0,USD,1,2025-11-13 6:30,2025-11-13 6:16
60523,10000549,0,NULL,0,NULL,0,0,0,USD,1,2019-05-04 8:11,2019-05-04 7:08
60524,10000550,0,NULL,0,NULL,0,0,0,USD,1,2019-05-04 8:11,2019-05-04 7:08
60525,10000551,0,NULL,0,NULL,0,0,0,USD,1,2019-05-04 8:11,2019-05-04 7:08
60526,10000552,314.08,2025-11-12 0:00,3330.19,2025-08-20 0:00,-120.38,0,0,USD,1,2025-11-13 6:30,2025-11-13 6:16
60527,10000553,0,NULL,0,NULL,0,0,0,USD,1,2025-04-29 7:30,2025-04-29 6:16
60528,10000555,0,NULL,0,NULL,0,0,0,USD,1,2019-05-04 8:11,2019-05-04 7:08
60529,10000557,0,NULL,0,NULL,0,0,0,USD,1,2019-05-04 8:11,2019-05-04 7:08
60530,10000559,0,NULL,0,NULL,0,0,0,USD,1,2019-05-04 8:11,2019-05-04 7:08
60531,10000560,11771.64,2025-11-11 0:00,0,NULL,104.9,0,0,USD,1,2025-11-13 6:30,2025-11-13 6:16
60532,10000561,0,NULL,0,NULL,-112.55,0,0,USD,1,2025-11-13 6:30,2025-11-13 6:16
60533,10000563,0,NULL,0,NULL,0,0,0,USD,1,2019-05-04 8:11,2019-05-04 7:08
60534,10000565,0,NULL,0,NULL,0,0,0,USD,1,2019-05-04 8:11,2019-05-04 7:08
60535,10000567,0,NULL,0,NULL,0,0,0,USD,1,2019-05-04 8:11,2019-05-04 7:08
60536,10000569,78951.75,2025-11-12 0:00,150266.37,2025-11-03 0:00,301.85,0,0,USD,1,2025-11-13 6:30,2025-11-13 6:16
60537,10000570,0,NULL,0,NULL,0,0,0,USD,1,2019-05-04 8:11,2019-05-04 7:08
60538,10000571,0,NULL,0,NULL,0,0,0,USD,1,2019-05-04 8:11,2019-05-04 7:08
60539,10000572,0,NULL,0,NULL,0,0,0,USD,1,2019-05-04 8:11,2019-05-04 7:08
60540,10000573,0,NULL,0,NULL,0,0,0,USD,1,2025-03-14 6:30,2025-03-14 6:15
60541,10000575,0,NULL,0,NULL,0,0,0,USD,1,2025-11-06 6:52,2025-11-06 6:16
60542,10000577,0,NULL,0,NULL,0,0,0,USD,1,2025-05-27 7:30,2025-05-27 6:16
60543,10000676,244.17,2025-09-12 0:00,0,NULL,0,0,0,USD,1,2025-11-13 6:30,2025-11-13 6:16
60544,10000678,0,NULL,0,NULL,0,0,0,USD,1,2025-01-28 6:30,2025-01-28 6:16
60545,10000684,1865.68,2025-10-15 0:00,0,NULL,0,0,0,USD,1,2025-11-13 6:30,2025-11-13 6:16
60546,10000686,0,NULL,0,NULL,0,0,0,USD,1,2019-05-04 8:11,2019-05-04 7:08
60547,10000688,0,NULL,0,NULL,0,0,0,USD,1,2019-05-04 8:11,2019-05-04 7:08
60548,10000694,0,NULL,0,NULL,0,0,0,USD,1,2024-06-29 6:31,2024-06-28 6:15
60549,10000696,0,NULL,0,NULL,0,0,0,USD,1,2025-09-28 7:30,2025-09-28 2:01
60550,10000698,2297.7,2025-11-10 0:00,0,NULL,0,0,0,USD,1,2025-11-13 6:30,2025-11-13 6:16
60551,10000704,0,NULL,0,NULL,0,0,0,USD,1,2024-10-22 7:30,2024-10-22 6:16
60552,10000706,0,NULL,0,NULL,0,0,0,USD,1,2019-05-04 8:11,2019-05-04 7:08
60553,10000708,0,NULL,0,NULL,0,0,0,USD,1,2020-07-02 6:30,2020-07-01 6:15
60554,10000714,1078.63,2025-11-10 0:00,1765.14,2025-10-28 0:00,0,0,0,USD,1,2025-11-12 6:30,2025-11-12 6:16
60555,10000716,0,NULL,0,NULL,0,0,0,USD,1,2022-12-14 6:31,2022-12-14 6:05
60556,10000718,0,NULL,0,NULL,0,0,0,USD,1,2025-08-21 7:30,2025-08-21 6:16
60557,10000724,0,NULL,0,NULL,0,0,0,USD,1,2019-05-04 8:11,2019-05-04 7:08
60558,10000726,0,NULL,0,NULL,0,0,0,USD,1,2019-05-04 8:11,2019-05-04 7:08
60559,10000728,0,NULL,0,NULL,0,0,0,USD,1,2020-09-16 6:30,2020-09-15 6:15
60560,10000734,856,2025-09-17 0:00,29477,2025-09-18 0:00,0,0,0,USD,1,2025-10-03 7:30,2025-10-03 6:16
60561,10000736,0,NULL,0,NULL,0,0,0,USD,1,2019-05-04 8:11,2019-05-04 7:08
60562,10000738,0,NULL,0,NULL,0,0,0,USD,1,2019-05-04 8:11,2019-05-04 7:08
60563,10000744,0,NULL,0,NULL,0,0,0,USD,1,2019-05-04 8:11,2019-05-04 7:08
60564,10000746,0,NULL,0,NULL,0,0,0,USD,1,2019-05-04 8:11,2019-05-04 7:08
60565,10000748,0,NULL,0,NULL,0,0,0,USD,1,2019-05-04 8:11,2019-05-04 7:08
60566,10000754,0,NULL,0,NULL,0,0,0,USD,1,2020-07-26 6:30,2020-07-25 6:15
60567,10000756,0,NULL,0,NULL,0,0,0,USD,1,2019-11-05 6:30,2019-11-05 6:15
60568,10000758,28078,2025-11-07 0:00,11256.81,2025-11-01 0:00,0,0,0,USD,1,2025-11-13 6:30,2025-11-13 6:16
60569,10000764,0,NULL,0,NULL,0,0,0,USD,1,2020-10-01 6:31,2020-09-30 6:15
60570,10000766,28587.5,2025-11-11 0:00,91347.87,2025-11-03 0:00,0,0,0,USD,1,2025-11-13 6:30,2025-11-13 6:16
60571,10000768,1225.77,2025-11-01 0:00,0,NULL,0,0,0,USD,1,2025-11-13 6:30,2025-11-13 6:16
60572,10000774,0,NULL,0,NULL,0,0,0,USD,1,2019-05-04 8:11,2019-05-04 7:08
60573,10000776,0,NULL,0,NULL,0,0,0,USD,1,2019-05-04 8:11,2019-05-04 7:08
60574,10000778,0,NULL,0,NULL,0,0,0,USD,1,2019-05-04 8:11,2019-05-04 7:08
60575,10000784,0,NULL,0,NULL,0,0,0,USD,1,2020-02-23 6:31,2020-02-22 10:41
60576,10000786,0,NULL,0,NULL,0,0,0,USD,1,2019-05-04 8:11,2019-05-04 7:08
60577,10000788,0,NULL,0,NULL,0,0,0,USD,1,2019-05-04 8:11,2019-05-04 7:08
60578,10000794,0,NULL,1235.48,2025-10-27 0:00,0,0,0,USD,1,2025-10-28 6:30,2025-10-28 6:16
60579,10000796,1109.28,2025-11-05 0:00,2007.44,2025-10-28 0:00,0,0,0,USD,1,2025-11-13 6:30,2025-11-13 6:16
60580,10000798,0,NULL,0,NULL,0,0,0,USD,1,2019-05-04 8:11,2019-05-04 7:08
60581,10000804,0,NULL,0,NULL,0,0,0,USD,1,2025-01-29 6:30,2025-01-29 6:15
60582,10000806,0,NULL,0,NULL,0,0,0,USD,1,2019-08-29 6:31,2019-08-28 6:15
60583,10000808,59.96,2025-11-06 0:00,524.67,2025-09-24 0:00,0,0,0,USD,1,2025-11-13 6:30,2025-11-13 6:16
60584,10000814,18485.13,2025-11-07 0:00,3838.23,2025-10-30 0:00,0,0,0,USD,1,2025-11-13 6:30,2025-11-13 6:16
60585,10000816,65.67,2025-10-20 0:00,2412.6,2025-11-01 0:00,0,0,0,USD,1,2025-11-13 6:30,2025-11-13 6:16
60586,10000818,0,NULL,0,NULL,0,0,0,USD,1,2019-05-04 8:11,2019-05-04 7:08
60587,10000824,0,NULL,0,NULL,11.88,0,0,USD,1,2024-05-16 6:31,2024-05-15 6:16
60588,10000826,0,NULL,0,NULL,0,0,0,USD,1,2019-05-04 8:11,2019-05-04 7:08
60589,10000828,2440.5,2025-11-12 0:00,0,NULL,0,0,0,USD,1,2025-11-13 6:30,2025-11-13 6:16
60590,10000834,0,NULL,128.3,2025-11-01 0:00,0,0,0,USD,1,2025-11-06 6:52,2025-11-06 6:16
60591,10000836,0,NULL,0,NULL,0,0,0,USD,1,2019-05-04 8:11,2019-05-04 7:08
60592,10000838,281.6,2025-10-30 0:00,1646.85,2025-08-12 0:00,0,0,0,USD,1,2025-11-13 6:30,2025-11-13 6:16
60593,10000844,201334.32,2025-11-12 0:00,850.76,2025-11-10 0:00,0,0,0,USD,1,2025-11-13 6:30,2025-11-13 6:16
60594,10000846,0,NULL,0,NULL,0,0,0,USD,1,2023-05-07 6:31,2023-05-06 6:06
60595,10000848,0,NULL,0,NULL,0,0,0,USD,1,2019-05-04 8:11,2019-05-04 7:08
60596,10000854,0,NULL,0,NULL,293.06,0,0,USD,1,2024-06-06 6:31,2024-06-05 6:16
60597,10000856,661.36,2025-10-16 0:00,528.38,2025-10-28 0:00,0,0,0,USD,1,2025-11-13 6:30,2025-11-13 6:16
60598,10000858,896.2,2025-10-08 0:00,3066.81,2025-10-21 0:00,0,0,0,USD,1,2025-11-13 6:30,2025-11-13 6:16
60599,10000864,0,NULL,0,NULL,0,0,0,USD,1,2019-05-04 8:11,2019-05-04 7:08
60600,10000866,0,NULL,0,NULL,0,0,0,USD,1,2020-02-21 6:31,2020-02-21 6:15
60601,10000868,296.59,2025-10-29 0:00,0,NULL,0,0,0,USD,1,2025-11-13 6:30,2025-11-13 6:16
60602,10000874,0,NULL,0,NULL,-29.41,0,0,USD,1,2022-12-02 6:31,2022-12-02 6:05
60603,10000878,102447.82,2025-11-11 0:00,27074.32,2025-10-30 0:00,0,0,0,USD,1,2025-11-13 6:30,2025-11-13 6:16
60604,10000884,9349.86,2025-11-11 0:00,34543.78,2025-11-06 0:00,7,0,0,USD,1,2025-11-13 6:30,2025-11-13 6:16
60605,10000886,0,NULL,0,NULL,0,0,0,USD,1,2019-05-04 8:11,2019-05-04 7:08
60606,10000888,0,NULL,0,NULL,2.51,0,0,USD,1,2019-05-04 8:11,2019-05-04 7:08
60607,10000894,0,NULL,0,NULL,0,0,0,USD,1,2019-05-04 8:11,2019-05-04 7:08
60608,10000896,2671.12,2025-11-04 0:00,1042.28,2025-10-14 0:00,0,0,0,USD,1,2025-11-13 6:30,2025-11-13 6:16
60609,10000904,0,NULL,0,NULL,0,0,0,USD,1,2020-01-22 6:31,2020-01-22 6:15
60610,10000906,0,NULL,0,NULL,0,0,0,USD,1,2019-05-04 8:11,2019-05-04 7:08
60611,10000908,0,NULL,0,NULL,0,0,0,USD,1,2019-05-04 8:11,2019-05-04 7:08
60612,10000914,0,NULL,0,NULL,0,0,0,USD,1,2019-05-04 8:11,2019-05-04 7:08
60613,10000916,0,NULL,0,NULL,0,0,0,USD,1,2019-05-04 8:11,2019-05-04 7:08
60614,10000918,0,NULL,0,NULL,0,0,0,USD,1,2019-05-04 8:11,2019-05-04 7:08
60615,10000924,0,NULL,0,NULL,0,0,0,USD,1,2021-01-09 6:31,2021-01-09 6:15
60616,10000926,0,NULL,0,NULL,0,0,0,USD,1,2019-05-04 8:11,2019-05-04 7:08
60617,10000928,0,NULL,0,NULL,0,0,0,USD,1,2019-05-04 8:11,2019-05-04 7:08
60618,10000934,0,NULL,0,NULL,0,0,0,USD,1,2025-05-09 7:30,2025-05-09 6:15
60619,10000936,20943.45,2025-11-11 0:00,4908.35,2025-11-06 0:00,163.27,0,0,USD,1,2025-11-13 6:30,2025-11-13 6:16
60620,10000938,0,NULL,0,NULL,0,0,0,USD,1,2019-05-04 8:11,2019-05-04 7:08
60621,10000944,1436.57,2025-11-06 0:00,0,NULL,0,0,0,USD,1,2025-11-13 6:30,2025-11-13 6:16
60622,10000946,0,NULL,0,NULL,0,0,0,USD,1,2022-05-27 6:31,2022-05-26 6:05
60623,10000948,120683.28,2025-11-12 0:00,44672.88,2025-10-23 0:00,799463.77,0,0,USD,1,2025-11-13 6:30,2025-11-13 6:16
60624,10000954,0,NULL,0,NULL,0,0,0,USD,1,2020-03-13 6:30,2020-03-13 6:15
60625,10000956,0,NULL,0,NULL,0,0,0,USD,1,2023-05-03 6:31,2023-05-02 16:39
60626,10000958,0,NULL,0,NULL,0,0,0,USD,1,2024-05-27 6:31,2024-05-26 6:16
60627,10000964,185.59,2025-10-29 0:00,0,NULL,0,0,0,USD,1,2025-11-13 6:30,2025-11-13 6:16
60628,10000966,22627.78,2025-11-05 0:00,26494.28,2025-09-24 0:00,0,0,0,USD,1,2025-11-13 6:30,2025-11-13 6:16
60629,10000968,0,NULL,0,NULL,0,0,0,USD,1,2019-05-04 8:11,2019-05-04 7:08
60630,10000974,0,NULL,0,NULL,0,0,0,USD,1,2019-05-04 8:11,2019-05-04 7:08
60631,10000976,54176.93,2025-11-10 0:00,0,NULL,0,0,0,USD,1,2025-11-13 6:31,2025-11-13 6:16
60632,10000978,0,NULL,0,NULL,0,0,0,USD,1,2019-05-04 8:11,2019-05-04 7:08
60633,10000984,0,NULL,0,NULL,0,0,0,USD,1,2019-05-04 8:11,2019-05-04 7:08
60634,10000986,0,NULL,0,NULL,0,0,0,USD,1,2019-05-04 8:11,2019-05-04 7:08
60635,10000988,0,NULL,0,NULL,0,0,0,USD,1,2019-05-04 8:11,2019-05-04 7:08
60636,10000994,0,NULL,0,NULL,0,0,0,USD,1,2019-05-04 8:11,2019-05-04 7:08
60637,10000996,0,NULL,0,NULL,0,0,0,USD,1,2025-05-02 7:30,2025-05-02 6:15
60638,10000998,0,NULL,0,NULL,0,0,0,USD,1,2023-07-27 6:31,2023-07-26 6:06
60639,10001003,0,NULL,0,NULL,0,0,0,USD,1,2021-06-17 6:31,2021-06-16 6:05
60640,10001007,0,NULL,0,NULL,0,0,0,USD,1,2019-05-04 8:11,2019-05-04 7:08
60641,10001008,0,NULL,0,NULL,0,0,0,USD,1,2019-05-04 8:11,2019-05-04 7:08
60642,10001013,0,NULL,0,NULL,0,0,0,USD,1,2019-05-04 8:11,2019-05-04 7:08
60643,10000579,0,NULL,0,NULL,0,0,0,USD,1,2025-04-24 7:38,2025-04-24 6:16
60644,10000580,0,NULL,0,NULL,0,0,0,USD,1,2020-08-29 6:31,2020-08-28 6:15
60645,10000581,0,NULL,0,NULL,0,0,0,USD,1,2019-08-29 6:31,2019-08-28 6:15
60646,10000582,0,NULL,0,NULL,0,0,0,USD,1,2025-07-05 7:30,2025-07-05 6:16
60647,10000583,0,NULL,0,NULL,0,0,0,USD,1,2019-05-04 8:11,2019-05-04 7:08
60648,10000585,0,NULL,0,NULL,0,0,0,USD,1,2025-10-16 7:34,2025-10-16 6:16
60649,10000587,0,NULL,0,NULL,0,0,0,USD,1,2019-05-04 8:11,2019-05-04 7:08
60650,10000589,0,NULL,0,NULL,0,0,0,USD,1,2019-05-04 8:11,2019-05-04 7:08
60651,10000590,0,NULL,0,NULL,7.19,0,0,USD,1,2019-10-30 6:31,2019-10-30 6:15
60652,10000591,0,NULL,0,NULL,0,0,0,USD,1,2019-05-04 8:11,2019-05-04 7:08
60653,10000592,0,NULL,0,NULL,0,0,0,USD,1,2019-05-04 8:11,2019-05-04 7:08
60654,10000593,0,NULL,0,NULL,0,0,0,USD,1,2019-05-04 8:11,2019-05-04 7:08
60655,10000595,0,NULL,0,NULL,0,0,0,USD,1,2019-05-04 8:11,2019-05-04 7:08
60656,10000597,0,NULL,0,NULL,0,0,0,USD,1,2021-03-24 6:31,2021-03-24 6:15
60657,10000599,0,NULL,0,NULL,0,0,0,USD,1,2019-05-04 8:11,2019-05-04 7:08
60658,10000600,10885.35,2025-11-03 0:00,2157.55,2025-10-27 0:00,6.04,0,0,USD,1,2025-11-13 6:30,2025-11-13 6:16
60659,10000601,219.5,2025-11-06 0:00,0,NULL,0,0,0,USD,1,2025-11-13 6:30,2025-11-13 6:16
60660,10000602,3021.5,2025-11-10 0:00,0,NULL,0,0,0,USD,1,2025-11-12 6:30,2025-11-12 6:16
60661,10000603,0,NULL,0,NULL,0,0,0,USD,1,2019-05-04 8:11,2019-05-04 7:08
60662,10000605,0,NULL,0,NULL,0,0,0,USD,1,2025-11-07 6:30,2025-11-07 6:16
60663,10000607,0,NULL,0,NULL,390.59,0,0,USD,1,2023-10-18 6:31,2023-10-17 6:16
60664,10000609,0,NULL,0,NULL,0,0,0,USD,1,2019-05-04 8:11,2019-05-04 7:08
60665,10000610,0,NULL,0,NULL,1.11,0,0,USD,1,2019-11-09 6:35,2019-11-09 6:17
60666,10000611,0,NULL,0,NULL,0,0,0,USD,1,2019-05-04 8:11,2019-05-04 7:08
60667,10000612,0,NULL,0,NULL,0,0,0,USD,1,2020-01-16 6:31,2020-01-15 13:45
60668,10000613,2488.74,2025-11-12 0:00,25074.73,2025-09-17 0:00,0,0,0,USD,1,2025-11-13 6:30,2025-11-13 6:16
60669,10000615,0,NULL,0,NULL,112.77,0,0,USD,1,2024-05-16 6:31,2024-05-15 6:16
60670,10000617,0,NULL,0,NULL,0,0,0,USD,1,2023-05-03 6:31,2023-05-02 16:39
60671,10000619,0,NULL,0,NULL,2682.59,0,0,USD,1,2025-09-11 7:30,2025-09-11 6:16
60672,10000620,0,NULL,0,NULL,0,0,0,USD,1,2025-11-04 6:30,2025-11-03 18:30
60673,10000621,0,NULL,0,NULL,0,0,0,USD,1,2019-05-04 8:11,2019-05-04 7:08
60674,10000622,0,NULL,0,NULL,0,0,0,USD,1,2021-04-10 9:49,2021-04-09 6:15
60675,10000623,2896,2025-11-05 0:00,0,NULL,0,0,0,USD,1,2025-11-13 6:30,2025-11-13 6:16
60676,10000625,0,NULL,0,NULL,0,0,0,USD,1,2019-05-04 8:11,2019-05-04 7:08
60677,10000627,18769.67,2025-11-10 0:00,0,NULL,0,0,0,USD,1,2025-11-13 6:30,2025-11-13 6:16
60678,10000629,0,NULL,2276.91,2025-05-16 0:00,0,0,0,USD,1,2025-05-17 7:30,2025-05-17 6:15
60679,10000630,0,NULL,0,NULL,0,0,0,USD,1,2019-05-04 8:11,2019-05-04 7:08
60680,10000631,156.33,2025-11-12 0:00,1121.8,2025-11-10 0:00,-3.04,0,0,USD,1,2025-11-13 6:30,2025-11-13 6:16
60681,10000632,0,NULL,0,NULL,0,0,0,USD,1,2019-05-04 8:11,2019-05-04 7:08
60682,10000633,0,NULL,0,NULL,0,0,0,USD,1,2023-06-29 6:31,2023-06-28 6:06
60683,10000635,0,NULL,0,NULL,0,0,0,USD,1,2024-12-24 6:30,2024-12-24 6:15
60684,10000637,0,NULL,0,NULL,0,0,0,USD,1,2019-05-04 8:11,2019-05-04 7:08
60685,10000639,0,NULL,0,NULL,0,0,0,USD,1,2019-05-04 8:11,2019-05-04 7:08
60686,10000640,0,NULL,0,NULL,0,0,0,USD,1,2019-05-04 8:11,2019-05-04 7:08
60687,10000641,0,NULL,0,NULL,0,0,0,USD,1,2022-11-02 6:31,2022-11-02 6:06
60688,10000642,0,NULL,0,NULL,0,0,0,USD,1,2019-05-04 8:11,2019-05-04 7:08
60689,10000643,351.59,2025-07-01 0:00,0,NULL,0,0,0,USD,1,2025-11-13 6:30,2025-11-13 6:16
60690,10000645,0,NULL,0,NULL,0,0,0,USD,1,2022-10-15 6:31,2022-10-14 6:05
60691,10000647,0,NULL,0,NULL,0,0,0,USD,1,2019-05-04 8:11,2019-05-04 7:08
60692,10000649,79158.17,2025-11-11 0:00,70961.76,2025-10-24 0:00,-51.94,0,0,USD,1,2025-11-13 6:30,2025-11-13 6:16
60693,10000650,0,NULL,0,NULL,54.92,0,0,USD,1,2019-05-04 8:11,2019-05-04 7:08
60694,10000651,0,NULL,0,NULL,0,0,0,USD,1,2020-06-09 6:31,2020-06-08 6:15
60695,10000652,0,NULL,0,NULL,0,0,0,USD,1,2019-06-15 6:31,2019-06-14 6:15
60696,10000653,4064.5,2025-10-22 0:00,9374.62,2025-10-27 0:00,0,0,0,USD,1,2025-11-13 6:30,2025-11-13 6:16
60697,10000655,0,NULL,0,NULL,0,0,0,USD,1,2019-05-04 8:11,2019-05-04 7:08
60698,10000657,0,NULL,0,NULL,0,0,0,USD,1,2019-05-04 8:11,2019-05-04 7:08
60699,10000659,0,NULL,0,NULL,0,0,0,USD,1,2025-05-13 7:30,2025-05-13 6:16
60700,10000660,546.94,2025-11-07 0:00,0,NULL,0,0,0,USD,1,2025-11-13 6:30,2025-11-13 6:16
60701,10000661,239165.33,2025-11-11 0:00,209430.79,2025-11-12 0:00,-614.81,0,0,USD,1,2025-11-13 6:30,2025-11-13 6:16
60702,10000662,0,NULL,0,NULL,0,0,0,USD,1,2024-07-08 7:30,2024-07-07 16:25
60703,10000663,0,NULL,0,NULL,-2351.19,0,0,USD,1,2022-08-26 6:31,2022-08-25 6:06
60704,10000665,0,NULL,0,NULL,0,0,0,USD,1,2019-05-04 8:11,2019-05-04 7:08
60705,10000667,0,NULL,0,NULL,175.3,0,0,USD,1,2023-08-27 6:30,2023-08-26 16:01
60706,10000669,0,NULL,0,NULL,0,0,0,USD,1,2019-05-04 8:11,2019-05-04 7:08
60707,10000670,0,NULL,0,NULL,0,0,0,USD,1,2019-05-04 8:11,2019-05-04 7:08
60708,10000671,0,NULL,42.58,2023-01-13 0:00,0,0,0,USD,1,2023-07-14 6:31,2023-07-13 6:06
60709,10000672,0,NULL,0,NULL,0,0,0,USD,1,2019-05-04 8:11,2019-05-04 7:08
60710,10000673,0,NULL,0,NULL,0,0,0,USD,1,2024-06-16 6:31,2024-06-15 6:16
60711,10000675,15491,2025-11-05 0:00,0,NULL,0,0,0,USD,1,2025-11-06 6:52,2025-11-06 6:16
60712,10000677,0,NULL,0,NULL,0,0,0,USD,1,2023-08-12 7:23,2023-08-11 6:06
60713,10000679,0,NULL,0,NULL,0,0,0,USD,1,2019-05-04 8:11,2019-05-04 7:08
60714,10000680,0,NULL,0,NULL,0,0,0,USD,1,2025-08-17 7:30,2025-08-16 16:39
60715,10000681,0,NULL,0,NULL,0,0,0,USD,1,2021-12-30 6:31,2021-12-30 6:05
60716,10000682,0,NULL,0,NULL,0,0,0,USD,1,2019-05-04 8:11,2019-05-04 7:08
60717,10000683,0,NULL,0,NULL,0,0,0,USD,1,2025-01-29 6:30,2025-01-29 6:15
60718,10000685,0,NULL,0,NULL,0,0,0,USD,1,2021-12-14 6:32,2021-12-14 6:05
60719,10000687,17155.99,2025-11-10 0:00,24400.86,2025-10-23 0:00,0,1406.53,0,USD,1,2025-11-13 6:30,2025-11-13 6:16
60720,10000689,0,NULL,0,NULL,158.31,0,0,USD,1,2024-05-16 6:31,2024-05-15 6:16
60721,10000690,121370.34,2025-11-12 0:00,56889.16,2025-10-31 0:00,0,0,0,USD,1,2025-11-13 6:30,2025-11-13 6:16
60722,10000691,0,NULL,0,NULL,0,0,0,USD,1,2025-01-14 6:30,2025-01-14 6:15
60723,10000692,0,NULL,0,NULL,0,0,0,USD,1,2019-05-04 8:11,2019-05-04 7:08
60724,10000693,21648.17,2025-11-12 0:00,16523.57,2025-09-29 0:00,-145.21,0,0,USD,1,2025-11-13 6:30,2025-11-13 6:16
60725,10000695,0,NULL,0,NULL,0,0,0,USD,1,2019-05-04 8:11,2019-05-04 7:08
60726,10000697,0,NULL,0,NULL,0,0,0,USD,1,2021-05-08 6:31,2021-05-07 6:15
60727,10000699,0,NULL,0,NULL,0,0,0,USD,1,2019-05-04 8:11,2019-05-04 7:08
60728,10000700,0,NULL,0,NULL,0,0,0,USD,1,2019-05-04 8:11,2019-05-04 7:08
60729,10000701,0,NULL,0,NULL,0,0,0,USD,1,2023-05-03 6:31,2023-05-02 16:39
60730,10000702,0,NULL,0,NULL,0,0,0,USD,1,2022-09-22 6:31,2022-09-21 6:06
60731,10000703,0,NULL,0,NULL,0,0,0,USD,1,2025-10-28 6:30,2025-10-28 6:16
60732,10000705,509.68,2025-11-05 0:00,0,NULL,0,0,0,USD,1,2025-11-13 6:30,2025-11-13 6:16
60733,10000707,0,NULL,0,NULL,0,0,0,USD,1,2025-02-06 6:32,2025-02-06 6:16
60734,10000709,0,NULL,0,NULL,267.3,0,0,USD,1,2024-05-18 6:31,2024-05-17 6:16
60735,10000710,0,NULL,0,NULL,0,0,0,USD,1,2019-05-04 8:11,2019-05-04 7:08
60736,10000711,15877.51,2025-11-08 0:00,0,NULL,0,0,0,USD,1,2025-11-13 6:30,2025-11-13 6:16
60737,10000712,0,NULL,0,NULL,0,0,0,USD,1,2019-05-04 8:11,2019-05-04 7:08
60738,10000713,0,NULL,0,NULL,0,0,0,USD,1,2021-01-14 6:31,2021-01-14 6:15
60739,10000715,0,NULL,843.91,2025-11-11 0:00,0,0,0,USD,1,2025-11-13 6:30,2025-11-13 6:16
60740,10000717,0,NULL,0,NULL,0,0,0,USD,1,2019-05-04 8:11,2019-05-04 7:08
60741,10000719,7469.79,2025-11-10 0:00,142255.72,2025-10-27 0:00,2.18,0,0,USD,1,2025-11-13 6:30,2025-11-13 6:16
60742,10000720,0,NULL,0,NULL,0,0,0,USD,1,2019-05-04 8:11,2019-05-04 7:08
60743,10001017,0,NULL,0,NULL,0,0,0,USD,1,2022-12-08 6:31,2022-12-08 6:06
60744,10001018,0,NULL,1748.23,2025-09-15 0:00,0,0,0,USD,1,2025-09-17 7:31,2025-09-16 7:29
60745,10001023,0,NULL,0,NULL,0,0,0,USD,1,2019-05-04 8:11,2019-05-04 7:08
60746,10001027,0,NULL,0,NULL,0,0,0,USD,1,2019-05-04 8:11,2019-05-04 7:08
60747,10001028,5569.42,2025-11-03 0:00,259.33,2025-08-20 0:00,6.33,0,0,USD,1,2025-11-13 6:31,2025-11-13 6:16
60748,10001033,0,NULL,0,NULL,0,0,0,USD,1,2019-05-04 8:11,2019-05-04 7:08
60749,10001037,0,NULL,0,NULL,111.14,0,0,USD,1,2022-12-09 6:32,2022-12-09 6:06
60750,10001038,0,NULL,0,NULL,0,0,0,USD,1,2024-12-04 6:30,2024-12-04 6:15
60751,10001043,0,NULL,0,NULL,-45.01,0,0,USD,1,2025-05-29 7:31,2025-05-29 6:16
60752,10001047,770.93,2025-10-22 0:00,49.33,2025-11-11 0:00,0,0,0,USD,1,2025-11-13 6:31,2025-11-13 6:16
60753,10001048,0,NULL,0,NULL,0,0,0,USD,1,2023-09-24 6:30,2023-09-23 13:02
60754,10001053,0,NULL,414.11,2025-10-01 0:00,0,0,0,USD,1,2025-10-02 7:41,2025-10-02 6:16
60755,10001057,0,NULL,0,NULL,0,0,0,USD,1,2019-05-04 8:11,2019-05-04 7:08
60756,10001058,0,NULL,0,NULL,0,0,0,USD,1,2022-07-14 6:32,2022-07-13 6:05
60757,10001063,0,NULL,0,NULL,0,0,0,USD,1,2019-05-04 8:11,2019-05-04 7:08
60758,10001067,0,NULL,0,NULL,1303.04,0,0,USD,1,2019-11-20 6:31,2019-11-20 6:15
60759,10001068,0,NULL,0,NULL,0,0,0,USD,1,2019-05-04 8:11,2019-05-04 7:08
60760,10001073,0,NULL,0,NULL,0,0,0,USD,1,2019-05-04 8:11,2019-05-04 7:08
60761,10001078,0,NULL,0,NULL,0,0,0,USD,1,2019-05-04 8:11,2019-05-04 7:08
60762,10001083,0,NULL,0,NULL,0,0,0,USD,1,2022-12-16 6:31,2022-12-16 6:05
60763,10001087,277.32,2025-10-27 0:00,0,NULL,0,0,0,USD,1,2025-11-13 6:31,2025-11-13 6:16
60764,10001088,0,NULL,0,NULL,0,0,0,USD,1,2019-05-04 8:11,2019-05-04 7:08
60765,10001093,0,NULL,0,NULL,0,0,0,USD,1,2019-05-04 8:11,2019-05-04 7:08
60766,10001097,0,NULL,1662.86,2025-10-31 0:00,0,0,0,USD,1,2025-11-01 6:31,2025-11-01 6:16
60767,10001098,0,NULL,0,NULL,13053.5,0,0,USD,1,2022-07-17 6:31,2022-07-16 6:05
60768,10001103,9631.22,2025-11-11 0:00,0,NULL,0,0,0,USD,1,2025-11-13 6:31,2025-11-13 6:16
60769,10001107,0,NULL,0,NULL,0,0,0,USD,1,2019-05-04 8:11,2019-05-04 7:08
60770,10001108,0,NULL,0,NULL,0,0,0,USD,1,2019-05-04 8:11,2019-05-04 7:08
60771,10001113,0,NULL,0,NULL,0,0,0,USD,1,2021-11-21 6:31,2021-11-20 13:35
60772,10001117,0,NULL,1316.69,2025-05-08 0:00,0,0,0,USD,1,2025-05-09 7:31,2025-05-09 6:15
60773,10001118,0,NULL,0,NULL,0,0,0,USD,1,2020-06-05 6:31,2020-06-04 6:15
60774,10001123,0,NULL,0,NULL,0,0,0,USD,1,2025-09-19 7:31,2025-09-19 6:16
60775,10001133,0,NULL,0,NULL,0,0,0,USD,1,2024-02-20 6:31,2024-02-19 6:31
60776,10001137,0,NULL,0,NULL,0,0,0,USD,1,2019-05-04 8:11,2019-05-04 7:08
60777,10001138,0,NULL,0,NULL,0,0,0,USD,1,2019-05-04 8:11,2019-05-04 7:08
60778,10001143,0,NULL,0,NULL,0,0,0,USD,1,2019-05-04 8:11,2019-05-04 7:08
60779,10001147,0,NULL,0,NULL,0,0,0,USD,1,2019-05-04 8:11,2019-05-04 7:08
60780,10001148,0,NULL,0,NULL,16.61,0,0,USD,1,2021-10-18 6:31,2021-10-17 19:57
60781,10001153,0,NULL,0,NULL,0,0,0,USD,1,2019-05-04 8:11,2019-05-04 7:08
60782,10001157,0,NULL,0,NULL,0,0,0,USD,1,2025-05-30 7:31,2025-05-30 6:16
60783,10001158,8915.53,2025-11-03 0:00,2359.31,2025-11-11 0:00,-6425.97,0,0,USD,1,2025-11-13 6:31,2025-11-13 6:16
60784,10001163,0,NULL,0,NULL,0,0,0,USD,1,2019-05-04 8:11,2019-05-04 7:08
60785,10001167,159491.51,2025-11-11 0:00,35620.84,2025-10-24 0:00,-177.88,0,0,USD,1,2025-11-13 6:31,2025-11-13 6:16
60786,10001168,0,NULL,0,NULL,0,0,0,USD,1,2021-08-19 6:31,2021-08-18 6:05
60787,10001173,0,NULL,0,NULL,0,0,0,USD,1,2019-05-04 8:11,2019-05-04 7:08
60788,10001177,0,NULL,0,NULL,0,0,0,USD,1,2019-05-04 8:11,2019-05-04 7:08
60789,10001178,0,NULL,0,NULL,0,0,0,USD,1,2019-05-04 8:11,2019-05-04 7:08
60790,10001183,0,NULL,0,NULL,0,0,0,USD,1,2025-09-04 7:31,2025-09-04 6:16
60791,10001187,0,NULL,0,NULL,0,0,0,USD,1,2019-05-04 8:11,2019-05-04 7:08
60792,10001188,0,NULL,0,NULL,0,0,0,USD,1,2019-05-04 8:11,2019-05-04 7:08
60793,10001193,0,NULL,0,NULL,0,0,0,USD,1,2019-05-04 8:11,2019-05-04 7:08
60794,10001197,0,NULL,0,NULL,0,0,0,USD,1,2025-05-14 7:30,2025-05-14 6:15
60795,10001198,438.79,2025-11-06 0:00,0,NULL,0,0,0,USD,1,2025-11-13 6:31,2025-11-13 6:16
60796,10001203,87472.88,2025-11-11 0:00,201618.86,2025-10-27 0:00,2742.38,0,0,USD,1,2025-11-13 6:31,2025-11-13 6:16
60797,10001207,0,NULL,0,NULL,0,0,0,USD,1,2019-05-04 8:11,2019-05-04 7:08
60798,10001208,0,NULL,0,NULL,0,0,0,USD,1,2019-05-04 8:11,2019-05-04 7:08
60799,10001213,0,NULL,0,NULL,0,0,0,USD,1,2019-05-04 8:11,2019-05-04 7:08
60800,10001217,0,NULL,0,NULL,37.93,0,0,USD,1,2023-09-24 6:30,2023-09-23 13:02
60801,10001218,34230.3,2025-11-05 0:00,0,NULL,0,0,0,USD,1,2025-11-06 6:52,2025-11-06 6:16
60802,10001223,0,NULL,0,NULL,0,0,0,USD,1,2019-05-04 8:11,2019-05-04 7:08
60803,10001227,0,NULL,0,NULL,0,0,0,USD,1,2019-05-04 8:11,2019-05-04 7:08
60804,10001228,0,NULL,0,NULL,0,0,0,USD,1,2019-05-04 8:11,2019-05-04 7:08
60805,10001233,0,NULL,0,NULL,0,0,0,USD,1,2023-05-03 6:31,2023-05-02 16:39
60806,10001237,0,NULL,0,NULL,0,0,0,USD,1,2021-06-24 6:31,2021-06-23 6:05
60807,10001238,0,NULL,0,NULL,19.13,0,0,USD,1,2025-09-17 7:31,2025-09-17 6:16
60808,10001243,0,NULL,0,NULL,0,0,0,USD,1,2019-05-04 8:11,2019-05-04 7:08
60809,10001247,0,NULL,0,NULL,0,0,0,USD,1,2025-09-17 7:31,2025-09-16 7:29
60810,10001248,0,NULL,0,NULL,0,0,0,USD,1,2019-05-04 8:11,2019-05-04 7:08
60811,10001253,0,NULL,0,NULL,0,0,0,USD,1,2022-12-08 6:31,2022-12-08 6:06
60812,10001257,142.76,2025-11-05 0:00,9509.62,2025-11-10 0:00,0,0,0,USD,1,2025-11-13 6:31,2025-11-13 6:16
60813,10001258,0,NULL,0,NULL,0,0,0,USD,1,2019-05-04 8:11,2019-05-04 7:08
60814,10001263,17115.18,2025-11-10 0:00,0,NULL,0,0,0,USD,1,2025-11-13 6:31,2025-11-13 6:16
60815,10001267,0,NULL,0,NULL,0,0,0,USD,1,2019-05-04 8:11,2019-05-04 7:08
60816,10001268,0,NULL,0,NULL,0,0,0,USD,1,2019-12-27 6:31,2019-12-26 16:03
60817,10001273,0,NULL,0,NULL,0,0,0,USD,1,2019-05-04 8:11,2019-05-04 7:08
60818,10001277,184,2020-02-27 0:00,0,NULL,0,0,0,USD,1,2025-09-11 7:31,2025-09-11 6:16
60819,10001278,0,NULL,0,NULL,0,0,0,USD,1,2022-06-30 6:31,2022-06-29 6:05
60820,10001283,726.6,2025-10-31 0:00,3519.28,2025-11-03 0:00,391.32,0,0,USD,1,2025-11-13 6:31,2025-11-13 6:16
60821,10001287,0,NULL,0,NULL,0,0,0,USD,1,2019-05-04 8:11,2019-05-04 7:08
60822,10001288,0,NULL,0,NULL,0,0,0,USD,1,2019-05-04 8:11,2019-05-04 7:08
60823,10001293,3715.45,2025-11-06 0:00,3707.76,2025-11-01 0:00,0,0,0,USD,1,2025-11-13 6:31,2025-11-13 6:16
60824,10001303,0,NULL,0,NULL,0,0,0,USD,1,2019-05-04 8:11,2019-05-04 7:08
60825,10001307,0,NULL,0,NULL,0,0,0,USD,1,2019-05-04 8:11,2019-05-04 7:08
60826,10001308,0,NULL,0,NULL,0,0,0,USD,1,2019-05-04 8:11,2019-05-04 7:08
60827,10001313,0,NULL,0,NULL,0,0,0,USD,1,2019-05-04 8:11,2019-05-04 7:08
60828,10001317,0,NULL,0,NULL,0,0,0,USD,1,2019-05-04 8:11,2019-05-04 7:08
60829,10001318,0,NULL,0,NULL,-557.33,0,0,USD,1,2024-03-19 6:31,2024-03-19 6:16
60830,10001323,0,NULL,0,NULL,81.04,0,0,USD,1,2025-05-25 7:31,2025-05-25 2:14
60831,10001327,0,NULL,0,NULL,0,0,0,USD,1,2025-10-28 6:31,2025-10-28 6:16
60832,10001328,0,NULL,0,NULL,0,0,0,USD,1,2019-05-04 8:11,2019-05-04 7:08
60833,10001333,0,NULL,470.63,2025-10-28 0:00,3687.86,0,0,USD,1,2025-10-29 6:31,2025-10-29 6:16
60834,10001337,0,NULL,0,NULL,0,0,0,USD,1,2019-07-19 6:31,2019-07-18 6:15
60835,10001338,0,NULL,0,NULL,0,0,0,USD,1,2025-08-21 7:30,2025-08-21 6:16
60836,10001343,0,NULL,0,NULL,0,0,0,USD,1,2019-05-04 8:11,2019-05-04 7:08
60837,10001347,0,NULL,0,NULL,0,0,0,USD,1,2019-05-04 8:11,2019-05-04 7:08
60838,10001348,42207.71,2025-11-11 0:00,143670.17,2025-10-27 0:00,11.9,0,0,USD,1,2025-11-13 6:31,2025-11-13 6:16
60839,10001353,0,NULL,0,NULL,-644.4,0,0,USD,1,2023-05-03 6:32,2023-05-02 16:39
60840,10001357,77.09,2025-10-16 0:00,0,NULL,0,0,0,USD,1,2025-11-13 6:31,2025-11-13 6:16
60841,10001358,0,NULL,0,NULL,0,0,0,USD,1,2025-10-21 7:31,2025-10-21 6:16
60842,10001363,0,NULL,0,NULL,0,0,0,USD,1,2019-05-04 8:11,2019-05-04 7:08
60843,10000721,0,NULL,0,NULL,0,0,0,USD,1,2019-05-04 8:11,2019-05-04 7:08
60844,10000722,14625.86,2025-11-05 0:00,0,NULL,-18.93,0,0,USD,1,2025-11-13 6:30,2025-11-13 6:16
60845,10000723,0,NULL,0,NULL,0,0,0,USD,1,2025-07-08 7:30,2025-07-08 6:16
60846,10000725,0,NULL,0,NULL,0,0,0,USD,1,2025-06-22 7:30,2025-06-21 12:31
60847,10000727,0,NULL,0,NULL,0,0,0,USD,1,2021-08-27 6:32,2021-08-26 6:05
60848,10000729,8909.57,2025-11-11 0:00,2580.13,2025-11-07 0:00,679.12,0,0,USD,1,2025-11-13 6:30,2025-11-13 6:16
60849,10000730,0,NULL,0,NULL,0,0,0,USD,1,2019-05-04 8:11,2019-05-04 7:08
60850,10000731,0,NULL,0,NULL,1.82,0,0,USD,1,2024-05-24 6:31,2024-05-23 6:16
60851,10000732,0,NULL,0,NULL,11.17,0,0,USD,1,2020-07-05 6:31,2020-07-04 14:49
60852,10000733,0,NULL,0,NULL,0,0,0,USD,1,2019-05-04 8:11,2019-05-04 7:08
60853,10000735,510.16,2025-10-21 0:00,1575.21,2025-10-28 0:00,0,0,0,USD,1,2025-11-13 6:30,2025-11-13 6:16
60854,10000737,0,NULL,0,NULL,0.31,0,0,USD,1,2019-10-27 6:31,2019-10-26 6:15
60855,10000739,0,NULL,0,NULL,0,0,0,USD,1,2019-05-04 8:11,2019-05-04 7:08
60856,10000740,0,NULL,0,NULL,0,0,0,USD,1,2019-05-04 8:11,2019-05-04 7:08
60857,10000741,0,NULL,0,NULL,0,0,0,USD,1,2019-06-27 6:31,2019-06-26 6:15
60858,10000742,0,NULL,0,NULL,0,0,0,USD,1,2019-05-04 8:11,2019-05-04 7:08
60859,10000743,0,NULL,0,NULL,0,0,0,USD,1,2025-10-10 7:32,2025-10-10 6:16
60860,10000745,1971.93,2025-11-07 0:00,0,NULL,0,0,0,USD,1,2025-11-13 6:30,2025-11-13 6:16
60861,10000747,1179.59,2025-08-25 0:00,182.29,2024-03-06 0:00,0,0,0,USD,1,2025-11-13 6:30,2025-11-13 6:16
60862,10000749,963.66,2025-11-04 0:00,3060.85,2025-11-11 0:00,0,0,0,USD,1,2025-11-13 6:30,2025-11-13 6:16
60863,10000750,0,NULL,0,NULL,0,0,0,USD,1,2019-05-04 8:11,2019-05-04 7:08
60864,10000751,0,NULL,0,NULL,0,0,0,USD,1,2019-05-04 8:11,2019-05-04 7:08
60865,10000752,4669.82,2025-11-06 0:00,26505.65,2025-10-31 0:00,0,4908.39,0,USD,1,2025-11-13 6:30,2025-11-13 6:16
60866,10000753,0,NULL,0,NULL,14.42,0,0,USD,1,2024-08-06 7:30,2024-08-06 6:15
60867,10000755,0,NULL,0,NULL,18.21,0,0,USD,1,2019-05-04 8:11,2019-05-04 7:08
60868,10000757,9697.27,2025-11-11 0:00,0,NULL,0,0,0,USD,1,2025-11-13 6:30,2025-11-13 6:16
60869,10000759,0,NULL,0,NULL,0,0,0,USD,1,2021-07-24 6:35,2021-07-23 6:05
60870,10000760,0,NULL,0,NULL,102.7,0,0,USD,1,2022-06-05 6:32,2022-06-04 6:06
60871,10000761,0,NULL,0,NULL,-19.72,0,0,USD,1,2025-10-09 7:31,2025-10-09 6:16
60872,10000762,0,NULL,0,NULL,0,0,0,USD,1,2019-05-04 8:11,2019-05-04 7:08
60873,10000763,0,NULL,0,NULL,0,0,0,USD,1,2019-05-04 8:11,2019-05-04 7:08
60874,10000765,0,NULL,0,NULL,0,0,0,USD,1,2019-05-04 8:11,2019-05-04 7:08
60875,10000767,0,NULL,0,NULL,0,0,0,USD,1,2019-05-04 8:11,2019-05-04 7:08
60876,10000769,0,NULL,0,NULL,0,0,0,USD,1,2019-05-04 8:11,2019-05-04 7:08
60877,10000770,0,NULL,0,NULL,0,0,0,USD,1,2019-05-04 8:11,2019-05-04 7:08
60878,10000771,0,NULL,0,NULL,0,0,0,USD,1,2019-05-04 8:11,2019-05-04 7:08
60879,10000772,0,NULL,0,NULL,0,0,0,USD,1,2019-05-04 8:11,2019-05-04 7:08
60880,10000773,0,NULL,0,NULL,0,0,0,USD,1,2019-05-04 8:11,2019-05-04 7:08
60881,10000775,242.7,2025-11-09 0:00,0,NULL,0,0,0,USD,1,2025-11-13 6:30,2025-11-13 6:16
60882,10000777,6733.84,2025-11-10 0:00,11424.75,2025-10-23 0:00,3.67,0,0,USD,1,2025-11-13 6:30,2025-11-13 6:16
60883,10000779,0,NULL,0,NULL,33.94,0,0,USD,1,2019-05-11 6:31,2019-05-10 6:15
60884,10000780,451.85,2025-11-07 0:00,2459.18,2025-10-29 0:00,0,0,0,USD,1,2025-11-13 6:30,2025-11-13 6:16
60885,10000781,0,NULL,0,NULL,0,0,0,USD,1,2023-12-29 6:30,2023-12-28 7:15
60886,10000782,0,NULL,0,NULL,0,0,0,USD,1,2019-05-04 8:11,2019-05-04 7:08
60887,10000783,0,NULL,0,NULL,0,0,0,USD,1,2019-05-04 8:11,2019-05-04 7:08
60888,10000785,0,NULL,0,NULL,0,0,0,USD,1,2021-02-03 6:31,2021-02-03 6:15
60889,10000787,0,NULL,0,NULL,0,0,0,USD,1,2020-05-16 6:32,2020-05-15 6:15
60890,10000789,0,NULL,0,NULL,0,0,0,USD,1,2019-05-04 8:11,2019-05-04 7:08
60891,10000790,0,NULL,56297.1,2025-04-30 0:00,0,0,0,USD,1,2025-08-24 7:30,2025-08-24 6:16
60892,10000791,0,NULL,0,NULL,0,0,0,USD,1,2025-09-30 7:30,2025-09-30 6:16
60893,10000792,0,NULL,0,NULL,0,0,0,USD,1,2019-05-04 8:11,2019-05-04 7:08
60894,10000793,0,NULL,0,NULL,0,0,0,USD,1,2019-05-04 8:11,2019-05-04 7:08
60895,10000795,433.65,2025-10-03 0:00,388.03,2025-11-11 0:00,0,0,0,USD,1,2025-11-13 6:30,2025-11-13 6:16
60896,10000797,0,NULL,0,NULL,0,0,0,USD,1,2019-05-04 8:11,2019-05-04 7:08
60897,10000799,0,NULL,0,NULL,0,0,0,USD,1,2025-10-20 7:32,2025-10-20 3:16
60898,10000800,0,NULL,0,NULL,0,0,0,USD,1,2023-01-24 6:32,2023-01-24 6:06
60899,10000801,0,NULL,0,NULL,0,0,0,USD,1,2019-05-04 8:11,2019-05-04 7:08
60900,10000802,22060.89,2025-11-10 0:00,29887.11,2025-09-25 0:00,0,0,0,USD,1,2025-11-13 6:30,2025-11-13 6:16
60901,10000803,0,NULL,0,NULL,0,0,0,USD,1,2019-05-04 8:11,2019-05-04 7:08
60902,10000805,0,NULL,0,NULL,0,0,0,USD,1,2020-01-16 6:31,2020-01-15 13:45
60903,10000807,0,NULL,0,NULL,137.66,0,0,USD,1,2023-11-22 6:31,2023-11-22 6:16
60904,10000809,0,NULL,0,NULL,0,0,0,USD,1,2024-07-16 7:31,2024-07-16 6:16
60905,10000810,0,NULL,0,NULL,0,0,0,USD,1,2019-05-04 8:11,2019-05-04 7:08
60906,10000811,0,NULL,0,NULL,2189.8,0,0,USD,1,2020-03-27 6:31,2020-03-27 6:15
60907,10000812,0,NULL,0,NULL,0,0,0,USD,1,2019-10-30 6:31,2019-10-30 6:15
60908,10000813,0,NULL,0,NULL,-3.04,0,0,USD,1,2019-11-22 6:31,2019-11-22 6:15
60909,10000815,0,NULL,587.01,2025-11-01 0:00,0,0,0,USD,1,2025-11-03 6:30,2025-11-03 6:16
60910,10000817,186.31,2025-11-12 0:00,645.54,2025-10-28 0:00,-27141.22,0,0,USD,1,2025-11-13 6:30,2025-11-13 6:16
60911,10000819,0,NULL,0,NULL,2.24,0,0,USD,1,2019-10-30 6:31,2019-10-30 6:15
60912,10000820,0,NULL,0,NULL,0,0,0,USD,1,2019-05-04 8:11,2019-05-04 7:08
60913,10000821,0,NULL,0,NULL,0,0,0,USD,1,2019-05-04 8:11,2019-05-04 7:08
60914,10000822,34432.66,2025-11-07 0:00,5396.17,2025-08-19 0:00,-1.7,0,0,USD,1,2025-11-13 6:30,2025-11-13 6:16
60915,10000823,0,NULL,0,NULL,0,0,0,USD,1,2019-05-04 8:11,2019-05-04 7:08
60916,10000825,0,NULL,0,NULL,149.98,0,0,USD,1,2022-12-06 6:31,2022-12-06 6:05
60917,10000827,0,NULL,0,NULL,0,0,0,USD,1,2019-05-04 8:11,2019-05-04 7:08
60918,10000829,0,NULL,0,NULL,0.31,0,0,USD,1,2024-01-01 6:31,2024-01-01 6:01
60919,10000830,0,NULL,0,NULL,0,0,0,USD,1,2022-09-09 6:32,2022-09-08 6:06
60920,10000831,0,NULL,0,NULL,0,0,0,USD,1,2019-05-04 8:11,2019-05-04 7:08
60921,10000832,0,NULL,0,NULL,0,0,0,USD,1,2022-07-21 6:32,2022-07-20 6:05
60922,10000833,0,NULL,0,NULL,0,0,0,USD,1,2019-05-04 8:11,2019-05-04 7:08
60923,10000835,0,NULL,0,NULL,4.92,0,0,USD,1,2021-03-13 6:31,2021-03-13 6:15
60924,10000837,0,NULL,0,NULL,0,0,0,USD,1,2023-05-14 6:31,2023-05-13 6:06
60925,10000839,0,NULL,0,NULL,-0.74,0,0,USD,1,2022-02-11 6:32,2022-02-11 6:05
60926,10000840,0,NULL,0,NULL,0,0,0,USD,1,2019-05-04 8:11,2019-05-04 7:08
60927,10000841,0,NULL,0,NULL,0,0,0,USD,1,2019-05-04 8:11,2019-05-04 7:08
60928,10000842,0,NULL,0,NULL,0,0,0,USD,1,2019-05-04 8:11,2019-05-04 7:08
60929,10000843,0,NULL,0,NULL,0,0,0,USD,1,2020-11-17 6:31,2020-11-17 6:15
60930,10000845,37270.2,2025-11-12 0:00,51192.39,2025-11-12 0:00,0,0,0,USD,1,2025-11-13 6:30,2025-11-13 6:16
60931,10000847,0,NULL,0,NULL,0,0,0,USD,1,2019-05-04 8:11,2019-05-04 7:08
60932,10000849,125.28,2025-10-15 0:00,0,NULL,0,0,0,USD,1,2025-11-13 6:30,2025-11-13 6:16
60933,10000850,0,NULL,0,NULL,0,0,0,USD,1,2019-05-04 8:11,2019-05-04 7:08
60934,10000851,7236.73,2025-11-08 0:00,9578.5,2025-11-12 0:00,0,806.73,0,USD,1,2025-11-13 6:30,2025-11-13 6:16
60935,10000852,130470.45,2025-11-12 0:00,3944.59,2025-11-01 0:00,0,0,0,USD,1,2025-11-13 6:30,2025-11-13 6:16
60936,10000853,0,NULL,0,NULL,0,0,0,USD,1,2019-05-04 8:11,2019-05-04 7:08
60937,10000855,0,NULL,204.39,2025-10-08 0:00,0,0,0,USD,1,2025-10-09 7:31,2025-10-09 6:16
60938,10000857,0,NULL,0,NULL,0,0,0,USD,1,2022-06-23 6:31,2022-06-22 6:05
60939,10000859,0,NULL,0,NULL,0,0,0,USD,1,2019-05-04 8:11,2019-05-04 7:08
60940,10000860,198476.89,2025-11-12 0:00,78020.3,2025-11-03 0:00,183.55,0,0,USD,1,2025-11-13 6:30,2025-11-13 6:16
60941,10000861,0,NULL,0,NULL,0,0,0,USD,1,2022-07-01 6:32,2022-06-30 6:05
60942,10000862,0,NULL,0,NULL,0,0,0,USD,1,2019-05-04 8:11,2019-05-04 7:08
