Id,MatterId,TotalWIP,LastWIPDate,TotalAR,LastBillDate,TrustFundsBalance,UnallocatedFundsBalance,RetainerFundsBalance,MatterCurrency,Processed,ProcessTimeStamp,LoadTimeStamp
1223285,1001368378,0,NULL,0,NULL,0,0,0,USD,1,2025-11-13 7:36,2025-11-13 6:16
1223284,1001368357,0,NULL,0,NULL,0,0,0,USD,1,2025-11-13 7:36,2025-11-13 6:16
1223283,1001368350,8217.1,2025-11-12 0:00,0,NULL,0,0,0,USD,1,2025-11-13 7:36,2025-11-13 6:16
1223282,1001368337,0,NULL,0,NULL,0,0,0,USD,1,2025-11-13 7:36,2025-11-13 6:16
1223281,1001368400,0,NULL,0,NULL,0,0,0,USD,1,2025-11-13 7:36,2025-11-13 6:16
1223280,1001368360,0,NULL,0,NULL,0,0,0,USD,1,2025-11-13 7:42,2025-11-13 6:16
1223279,1001368385,0,NULL,0,NULL,0,0,0,USD,1,2025-11-13 7:36,2025-11-13 6:16
1223278,1001368376,346,2025-11-10 0:00,0,NULL,0,0,0,USD,1,2025-11-13 7:36,2025-11-13 6:16
1223277,1001368351,79.23,2025-11-12 0:00,0,NULL,0,0,0,USD,1,2025-11-13 7:42,2025-11-13 6:16
1223276,1001368349,663.14,2025-11-10 0:00,0,NULL,0,0,0,USD,1,2025-11-13 7:42,2025-11-13 6:16
1223275,1001368377,0,NULL,0,NULL,0,0,0,USD,1,2025-11-13 7:04,2025-11-13 6:16
1223274,1001368380,0,NULL,0,NULL,0,0,0,USD,1,2025-11-13 7:39,2025-11-13 6:16
1223273,1001368382,0,NULL,0,NULL,0,0,0,USD,1,2025-11-13 7:02,2025-11-13 6:16
1223272,1001368381,0,NULL,0,NULL,0,0,0,USD,1,2025-11-13 7:39,2025-11-13 6:16
1223271,1001368368,0,NULL,0,NULL,0,0,0,USD,1,2025-11-13 7:34,2025-11-13 6:16
1223270,1001368367,0,NULL,0,NULL,0,0,0,USD,1,2025-11-13 6:56,2025-11-13 6:16
1223269,1001368408,0,NULL,0,NULL,0,0,0,USD,1,2025-11-13 6:38,2025-11-13 6:16
1223268,1001368375,0,NULL,0,NULL,0,0,0,USD,1,2025-11-13 7:38,2025-11-13 6:16
1223267,1001368374,0,NULL,0,NULL,0,0,0,USD,1,2025-11-13 7:41,2025-11-13 6:16
1223266,1001368369,0,NULL,0,NULL,0,0,0,USD,1,2025-11-13 7:41,2025-11-13 6:16
1223265,1001368405,0,NULL,0,NULL,0,0,0,USD,1,2025-11-13 6:37,2025-11-13 6:16
1223264,1001368342,0,NULL,0,NULL,0,0,0,USD,1,2025-11-13 7:15,2025-11-13 6:16
1223263,1001368398,0,NULL,0,NULL,0,0,0,USD,1,2025-11-13 7:14,2025-11-13 6:16
1223262,1001368366,0,NULL,0,NULL,0,0,0,USD,1,2025-11-13 7:33,2025-11-13 6:16
1223261,1001368389,0,NULL,0,NULL,0,0,0,USD,1,2025-11-13 7:32,2025-11-13 6:16
1223260,1001368388,0,NULL,0,NULL,0,0,0,USD,1,2025-11-13 7:14,2025-11-13 6:16
1223259,1001368354,0,NULL,0,NULL,0,0,0,USD,1,2025-11-13 7:12,2025-11-13 6:16
1223258,1001368340,0,NULL,0,NULL,0,0,0,USD,1,2025-11-13 6:44,2025-11-13 6:15
1223257,1001368345,0,NULL,0,NULL,7132.11,0,0,USD,1,2025-11-13 7:10,2025-11-13 6:16
1223256,1001368384,0,NULL,0,NULL,0,0,0,USD,1,2025-11-13 6:47,2025-11-13 6:16
1223255,1001368379,0,NULL,0,NULL,0,0,0,USD,1,2025-11-13 6:43,2025-11-13 6:15
1223254,1001368406,0,NULL,0,NULL,0,0,0,USD,1,2025-11-13 6:50,2025-11-13 6:15
1223253,1001368391,0,NULL,0,NULL,0,0,0,USD,1,2025-11-13 6:52,2025-11-13 6:16
1223252,1001368387,0,NULL,0,NULL,0,0,0,USD,1,2025-11-13 6:53,2025-11-13 6:16
1223251,1001368409,0,NULL,0,NULL,0,0,0,USD,1,2025-11-13 6:49,2025-11-13 6:16
1223250,1001368390,0,NULL,0,NULL,0,0,0,USD,1,2025-11-13 6:52,2025-11-13 6:16
1223249,1001368392,0,NULL,0,NULL,0,0,0,USD,1,2025-11-13 6:51,2025-11-13 6:16
1223248,1001368361,0,NULL,0,NULL,0,0,0,USD,1,2025-11-13 6:53,2025-11-13 6:16
1223247,1001368397,162,2025-11-12 0:00,0,NULL,0,0,0,USD,1,2025-11-13 7:37,2025-11-13 6:16
1223246,1001368404,0,NULL,0,NULL,0,0,0,USD,1,2025-11-13 7:17,2025-11-13 6:16
1223245,1001368407,0,NULL,0,NULL,0,0,0,USD,1,2025-11-13 7:37,2025-11-13 6:16
1223244,1001368352,0,NULL,0,NULL,0,0,0,USD,1,2025-11-13 6:46,2025-11-13 6:16
1223243,1001368395,0,NULL,0,NULL,0,0,0,USD,1,2025-11-13 7:14,2025-11-13 6:16
1223242,1001368394,0,NULL,0,NULL,0,0,0,USD,1,2025-11-13 7:14,2025-11-13 6:16
1223241,1001368383,0,NULL,0,NULL,0,0,0,USD,1,2025-11-13 6:43,2025-11-13 6:16
1223240,1001368362,0,NULL,0,NULL,0,0,0,USD,1,2025-11-13 7:07,2025-11-13 6:16
1223239,1001368346,0,NULL,0,NULL,0,0,0,USD,1,2025-11-13 6:46,2025-11-13 6:16
1223238,1001368393,0,NULL,0,NULL,0,0,0,USD,1,2025-11-13 6:36,2025-11-13 6:15
1223237,1001368098,0,NULL,0,NULL,0,0,0,USD,1,2025-11-13 6:36,2025-11-13 6:15
1223236,1001368358,0,NULL,0,NULL,0,0,0,USD,1,2025-11-13 6:35,2025-11-13 6:15
1223235,1001368338,0,NULL,0,NULL,0,0,0,USD,1,2025-11-13 6:34,2025-11-13 6:15
1223234,1001368365,0,NULL,0,NULL,0,0,0,USD,1,2025-11-13 6:59,2025-11-13 6:15
1223233,1001368343,3661.05,2025-11-12 0:00,0,NULL,0,0,0,USD,1,2025-11-13 6:30,2025-11-13 6:15
1223232,1001368403,0,NULL,0,NULL,0,0,0,USD,1,2025-11-13 6:33,2025-11-13 6:15
1223231,1001368363,0,NULL,0,NULL,0,0,0,USD,1,2025-11-13 6:33,2025-11-13 6:15
1223230,1001368364,0,NULL,0,NULL,0,0,0,USD,1,2025-11-13 6:33,2025-11-13 6:15
1223229,1001368353,0,NULL,0,NULL,0,0,0,USD,1,2025-11-13 7:06,2025-11-13 6:15
1223228,1001368372,0,NULL,0,NULL,0,0,0,USD,1,2025-11-13 6:43,2025-11-13 6:15
1223227,1001368359,0,NULL,0,NULL,0,0,0,USD,1,2025-11-13 6:31,2025-11-13 6:15
1223226,1001368401,0,NULL,0,NULL,0,0,0,USD,1,2025-11-13 6:31,2025-11-13 6:15
1223225,1001368341,0,NULL,0,NULL,0,0,0,USD,1,2025-11-13 6:31,2025-11-13 6:15
1223224,1001368370,0,NULL,0,NULL,0,0,0,USD,1,2025-11-13 7:06,2025-11-13 6:15
1223223,1001368399,0,NULL,0,NULL,0,0,0,USD,1,2025-11-13 6:40,2025-11-13 6:15
1223222,1001368402,0,NULL,0,NULL,0,0,0,USD,1,2025-11-13 7:06,2025-11-13 6:15
1223221,1001368348,51.4,2025-11-11 0:00,0,NULL,0,0,0,USD,1,2025-11-13 7:05,2025-11-13 6:15
1223220,1001368339,499.68,2025-11-12 0:00,0,NULL,0,0,0,USD,1,2025-11-13 6:38,2025-11-13 6:15
1223219,1001368386,359.77,2025-11-12 0:00,0,NULL,0,0,0,USD,1,2025-11-13 7:05,2025-11-13 6:15
1223218,1001368344,0,NULL,0,NULL,0,0,0,USD,1,2025-11-13 7:41,2025-11-13 6:15
1223217,1001368396,0,NULL,0,NULL,0,0,0,USD,1,2025-11-13 6:58,2025-11-13 6:15
1223216,1001368355,0,NULL,0,NULL,0,0,0,USD,1,2025-11-13 7:40,2025-11-13 6:15
1223215,1001368371,0,NULL,0,NULL,0,0,0,USD,1,2025-11-13 6:58,2025-11-13 6:15
1223214,1001368356,0,NULL,0,NULL,0,0,0,USD,1,2025-11-13 7:41,2025-11-13 6:15
1223213,1001368373,0,NULL,0,NULL,0,0,0,USD,1,2025-11-13 7:08,2025-11-13 6:15
1223212,1001368347,0,NULL,0,NULL,0,0,0,USD,1,2025-11-13 6:58,2025-11-13 6:15
1223211,1001368331,0,NULL,0,NULL,0,0,0,USD,1,2025-11-13 7:36,2025-11-12 16:00
1223210,1001368324,8495,2025-11-12 0:00,0,NULL,0,0,0,USD,1,2025-11-13 7:36,2025-11-13 6:16
1223209,1001368316,0,NULL,0,NULL,0,0,0,USD,1,2025-11-13 7:36,2025-11-12 16:00
1223208,1001368314,0,NULL,0,NULL,0,0,0,USD,1,2025-11-13 7:42,2025-11-12 16:00
1223207,1001368304,0,NULL,0,NULL,0,0,0,USD,1,2025-11-13 7:36,2025-11-12 16:00
1223206,1001368301,0,NULL,0,NULL,0,0,0,USD,1,2025-11-13 7:42,2025-11-12 16:00
1223205,1001368322,0,NULL,0,NULL,0,0,0,USD,1,2025-11-13 7:36,2025-11-12 16:00
1223204,1001368307,830.93,2025-11-11 0:00,0,NULL,0,0,0,USD,1,2025-11-13 7:36,2025-11-13 6:16
1223203,1001368303,0,NULL,0,NULL,0,0,0,USD,1,2025-11-13 7:36,2025-11-12 16:00
1223202,1001368302,0,NULL,0,NULL,0,0,0,USD,1,2025-11-13 7:36,2025-11-12 16:00
1223201,1001368300,2764.91,2025-11-11 0:00,0,NULL,0,0,0,USD,1,2025-11-13 7:36,2025-11-13 6:16
1223200,1001368323,0,NULL,0,NULL,0,0,0,USD,1,2025-11-13 7:00,2025-11-12 16:00
1223199,1001368317,388.8,2025-11-11 0:00,0,NULL,0,0,0,USD,1,2025-11-13 6:56,2025-11-13 6:16
1223198,1001368330,0,NULL,0,NULL,0,0,0,USD,1,2025-11-13 7:09,2025-11-12 16:00
1223197,1001368313,0,NULL,0,NULL,0,0,0,USD,1,2025-11-13 6:43,2025-11-12 16:00
1223196,1001368320,0,NULL,0,NULL,0,0,0,USD,1,2025-11-13 7:07,2025-11-12 16:00
1223195,1001368333,0,NULL,0,NULL,0,0,0,USD,1,2025-11-13 6:36,2025-11-12 16:00
1223194,1001368310,0,NULL,0,NULL,0,0,0,USD,1,2025-11-13 6:59,2025-11-12 16:00
1223193,1001368312,0,NULL,0,NULL,0,0,0,USD,1,2025-11-13 6:30,2025-11-12 16:00
1223192,1001368326,0,NULL,0,NULL,0,0,0,USD,1,2025-11-13 7:02,2025-11-12 16:00
1223191,1001368319,0,NULL,0,NULL,0,0,0,USD,1,2025-11-13 7:38,2025-11-12 16:00
1223190,1001368315,7912.5,2025-11-12 0:00,0,NULL,0,0,0,USD,1,2025-11-13 7:33,2025-11-13 6:16
1223189,1001368306,0,NULL,0,NULL,0,0,0,USD,1,2025-11-13 6:47,2025-11-12 16:00
1223188,1001368295,2450.25,2025-11-11 0:00,0,NULL,0,0,0,USD,1,2025-11-13 7:10,2025-11-13 6:16
1223187,1001368309,0,NULL,0,NULL,0,0,0,USD,1,2025-11-13 7:07,2025-11-12 16:00
1223186,1001368299,17996.01,2025-11-12 0:00,0,NULL,0,0,0,USD,1,2025-11-13 6:34,2025-11-13 6:15
1223185,1001368325,0,NULL,0,NULL,0,0,0,USD,1,2025-11-13 6:34,2025-11-12 16:00
1223184,1001368296,0,NULL,0,NULL,0,0,0,USD,1,2025-11-13 6:34,2025-11-12 16:00
1223183,1001368321,0,NULL,0,NULL,0,0,0,USD,1,2025-11-13 6:32,2025-11-12 16:00
1223182,1001368335,744.16,2025-11-11 0:00,0,NULL,0,0,0,USD,1,2025-11-13 6:50,2025-11-13 6:15
1223181,1001368305,0,NULL,0,NULL,0,0,0,USD,1,2025-11-13 6:45,2025-11-12 16:00
1223180,1001368297,3230.34,2025-11-11 0:00,0,NULL,0,0,0,USD,1,2025-11-13 7:32,2025-11-13 6:15
1223179,1001368318,0,NULL,0,NULL,0,0,0,USD,1,2025-11-13 6:48,2025-11-12 16:00
1223178,1001368328,0,NULL,0,NULL,0,0,0,USD,1,2025-11-13 6:53,2025-11-12 16:00
1223177,1001368332,0,NULL,0,NULL,0,0,0,USD,1,2025-11-13 6:52,2025-11-12 16:00
1223176,1001368327,0,NULL,0,NULL,0,0,0,USD,1,2025-11-13 7:38,2025-11-12 16:00
1223175,1001368298,0,NULL,0,NULL,0,0,0,USD,1,2025-11-13 7:37,2025-11-12 16:00
1223174,1001368308,2966.79,2025-11-10 0:00,0,NULL,0,0,0,USD,1,2025-11-13 6:51,2025-11-13 6:16
1223173,1001368334,0,NULL,0,NULL,0,0,0,USD,1,2025-11-13 6:48,2025-11-12 16:00
1223172,1001368329,0,NULL,0,NULL,0,0,0,USD,1,2025-11-13 7:16,2025-11-12 16:00
1223171,1001368311,0,NULL,0,NULL,0,0,0,USD,1,2025-11-13 6:41,2025-11-12 16:00
1223170,1001368336,0,NULL,0,NULL,0,0,0,USD,1,2025-11-13 6:56,2025-11-12 16:00
1223169,1001368273,59.96,2025-10-08 0:00,0,NULL,0,0,0,USD,1,2025-11-13 7:36,2025-11-13 6:16
1223168,1001368260,0,NULL,0,NULL,0,0,0,USD,1,2025-11-12 7:35,2025-11-12 6:15
1223167,1001368248,1838.45,2025-11-12 0:00,0,NULL,0,0,0,USD,1,2025-11-13 7:42,2025-11-13 6:16
1223166,1001368247,0,NULL,0,NULL,0,0,0,USD,1,2025-11-12 6:46,2025-11-12 6:15
1223165,1001368232,0,NULL,0,NULL,0,0,0,USD,1,2025-11-12 6:40,2025-11-12 6:15
1223164,1001368227,4576.15,2025-11-06 0:00,0,NULL,0,0,0,USD,1,2025-11-13 7:42,2025-11-13 6:16
1223163,1001368187,0,NULL,0,NULL,0,0,0,USD,1,2025-11-12 6:40,2025-11-12 6:15
1223162,1001368153,0,NULL,0,NULL,0,0,0,USD,1,2025-11-12 6:46,2025-11-12 6:15
1223161,1001368143,0,NULL,0,NULL,0,0,0,USD,1,2025-11-12 6:40,2025-11-12 6:15
1223160,1001368142,1782.77,2025-11-11 0:00,0,NULL,24962.38,0,0,USD,1,2025-11-13 7:36,2025-11-13 6:16
1223159,1001368128,0,NULL,0,NULL,0,0,0,USD,1,2025-11-12 6:40,2025-11-12 6:15
1223158,1001368127,0,NULL,0,NULL,0,0,0,USD,1,2025-11-12 6:46,2025-11-12 6:15
1223157,1001368117,3621.55,2025-11-11 0:00,0,NULL,0,0,0,USD,1,2025-11-12 6:40,2025-11-12 6:15
1223156,1001368113,0,NULL,0,NULL,0,0,0,USD,1,2025-11-12 7:35,2025-11-12 6:15
1223155,1001368182,0,NULL,0,NULL,0,0,0,USD,1,2025-11-12 6:40,2025-11-12 6:15
1223154,1001368130,0,NULL,0,NULL,0,0,0,USD,1,2025-11-12 6:46,2025-11-12 6:15
1223153,1001368217,0,NULL,0,NULL,0,0,0,USD,1,2025-11-12 6:40,2025-11-12 6:15
1223152,1001368200,0,NULL,0,NULL,0,0,0,USD,1,2025-11-12 7:35,2025-11-12 6:15
1223151,1001368275,0,NULL,0,NULL,0,0,0,USD,1,2025-11-12 6:40,2025-11-12 6:15
1223150,1001368271,0,NULL,0,NULL,0,0,0,USD,1,2025-11-12 6:46,2025-11-12 6:15
1223149,1001368261,3150,2025-11-11 0:00,0,NULL,0,0,0,USD,1,2025-11-13 7:36,2025-11-13 6:16
1223148,1001368245,0,NULL,0,NULL,0,0,0,USD,1,2025-11-12 7:35,2025-11-12 6:15
1223147,1001368241,0,NULL,0,NULL,0,0,0,USD,1,2025-11-12 6:40,2025-11-12 6:15
1223146,1001368231,31235.41,2025-11-11 0:00,0,NULL,0,0,0,USD,1,2025-11-13 7:42,2025-11-13 6:16
1223145,1001368225,0,NULL,0,NULL,0,0,0,USD,1,2025-11-12 6:40,2025-11-12 6:15
1223144,1001368201,0,NULL,0,NULL,0,0,0,USD,1,2025-11-12 7:35,2025-11-12 6:15
1223143,1001368185,0,NULL,0,NULL,0,0,0,USD,1,2025-11-12 6:40,2025-11-12 6:15
1223142,1001368175,0,NULL,0,NULL,0,0,0,USD,1,2025-11-12 6:46,2025-11-12 6:15
1223141,1001368144,0,NULL,0,NULL,0,0,0,USD,1,2025-11-12 6:40,2025-11-12 6:15
1223140,1001368121,10730.11,2025-11-11 0:00,0,NULL,0,0,0,USD,1,2025-11-13 7:36,2025-11-13 6:16
1223139,1001368115,0,NULL,0,NULL,0,0,0,USD,1,2025-11-12 6:40,2025-11-12 6:15
1223138,1001368114,0,NULL,0,NULL,0,0,0,USD,1,2025-11-12 6:46,2025-11-12 6:15
1223137,1001368111,0,NULL,0,NULL,0,0,0,USD,1,2025-11-12 6:40,2025-11-12 6:15
1223136,1001368106,0,NULL,0,NULL,0,0,0,USD,1,2025-11-12 7:35,2025-11-12 6:15
1223135,1001368238,914.41,2025-11-11 0:00,0,NULL,0,0,0,USD,1,2025-11-13 7:41,2025-11-13 6:16
1223134,1001368219,0,NULL,0,NULL,0,0,0,USD,1,2025-11-12 6:45,2025-11-12 6:15
1223133,1001368195,0,NULL,0,NULL,0,0,0,USD,1,2025-11-12 6:39,2025-11-12 6:15
1223132,1001368126,383.37,2025-11-07 0:00,0,NULL,0,0,0,USD,1,2025-11-13 7:41,2025-11-13 6:16
1223131,1001368140,212.01,2025-11-11 0:00,0,NULL,0,0,0,USD,1,2025-11-13 7:03,2025-11-13 6:16
1223130,1001368233,0,NULL,0,NULL,0,0,0,USD,1,2025-11-12 6:43,2025-11-12 6:15
1223129,1001368216,0,NULL,0,NULL,0,0,0,USD,1,2025-11-12 7:02,2025-11-12 6:15
1223128,1001368205,0,NULL,0,NULL,0,0,0,USD,1,2025-11-12 6:46,2025-11-12 6:15
1223127,1001368268,0,NULL,0,NULL,0,0,0,USD,1,2025-11-12 6:59,2025-11-12 6:15
1223126,1001368257,0,NULL,0,NULL,0,0,0,USD,1,2025-11-12 6:43,2025-11-12 6:15
1223125,1001368253,0,NULL,0,NULL,0,0,0,USD,1,2025-11-12 6:58,2025-11-12 6:15
1223124,1001368252,0,NULL,0,NULL,0,0,0,USD,1,2025-11-12 6:45,2025-11-12 6:15
1223123,1001368124,0,NULL,0,NULL,0,0,0,USD,1,2025-11-12 7:01,2025-11-12 6:15
1223122,1001368134,0,NULL,0,NULL,0,0,0,USD,1,2025-11-12 6:44,2025-11-12 6:15
1223121,1001368181,0,NULL,0,NULL,0,0,0,USD,1,2025-11-12 7:01,2025-11-12 6:15
1223120,1001368220,0,NULL,0,NULL,0,0,0,USD,1,2025-11-12 6:45,2025-11-12 6:15
1223119,1001368170,0,NULL,0,NULL,0,0,0,USD,1,2025-11-12 6:58,2025-11-12 6:15
1223118,1001368202,0,NULL,0,NULL,0,0,0,USD,1,2025-11-12 6:42,2025-11-12 6:15
1223117,1001368290,0,NULL,0,NULL,0,0,0,USD,1,2025-11-12 6:57,2025-11-12 6:15
1223116,1001368288,0,NULL,0,NULL,0,0,0,USD,1,2025-11-12 6:45,2025-11-12 6:15
1223115,1001368287,0,NULL,0,NULL,0,0,0,USD,1,2025-11-12 6:58,2025-11-12 6:15
1223114,1001368203,0,NULL,0,NULL,0,0,0,USD,1,2025-11-12 6:42,2025-11-12 6:15
1223113,1001368263,0,NULL,0,NULL,0,0,0,USD,1,2025-11-12 6:57,2025-11-12 6:15
1223112,1001368218,0,NULL,0,NULL,0,0,0,USD,1,2025-11-12 6:44,2025-11-12 6:15
1223111,1001368178,0,NULL,0,NULL,0,0,0,USD,1,2025-11-12 6:58,2025-11-12 6:15
1223110,1001368105,9247.5,2025-10-31 0:00,0,NULL,0,0,0,USD,1,2025-11-13 7:02,2025-11-13 6:16
1223109,1001368230,1535.86,2025-11-12 0:00,0,NULL,0,0,0,USD,1,2025-11-13 7:37,2025-11-13 6:16
1223108,1001368286,0,NULL,0,NULL,0,0,0,USD,1,2025-11-12 6:45,2025-11-12 6:15
1223107,1001368285,0,NULL,0,NULL,0,0,0,USD,1,2025-11-12 6:59,2025-11-12 6:15
1223106,1001368256,0,NULL,0,NULL,0,0,0,USD,1,2025-11-12 6:43,2025-11-12 6:15
1223105,1001368255,0,NULL,0,NULL,0,0,0,USD,1,2025-11-12 6:58,2025-11-12 6:15
1223104,1001368254,0,NULL,0,NULL,0,0,0,USD,1,2025-11-12 6:45,2025-11-12 6:15
1223103,1001368166,768.98,2025-11-12 0:00,0,NULL,0,0,0,USD,1,2025-11-13 7:38,2025-11-13 6:16
1223102,1001368171,0,NULL,0,NULL,0,0,0,USD,1,2025-11-12 6:42,2025-11-12 6:15
1223101,1001368148,0,NULL,0,NULL,0,0,0,USD,1,2025-11-12 6:56,2025-11-12 6:15
1223100,1001368289,0,NULL,0,NULL,0,0,0,USD,1,2025-11-12 6:45,2025-11-12 6:15
1223099,1001368281,0,NULL,0,NULL,0,0,0,USD,1,2025-11-12 6:58,2025-11-12 6:15
1223098,1001368277,0,NULL,0,NULL,0,0,0,USD,1,2025-11-12 6:41,2025-11-12 6:15
1223097,1001368147,8970,2025-11-08 0:00,0,NULL,0,0,0,USD,1,2025-11-12 6:56,2025-11-12 6:15
1223096,1001368186,0,NULL,0,NULL,0,0,0,USD,1,2025-11-12 6:44,2025-11-12 6:15
1223095,1001368125,0,NULL,0,NULL,0,0,0,USD,1,2025-11-12 6:57,2025-11-12 6:15
1223094,1001368107,38641.94,2025-11-08 0:00,0,NULL,0,0,0,USD,1,2025-11-13 7:14,2025-11-13 6:16
1223093,1001368222,0,NULL,0,NULL,0,0,0,USD,1,2025-11-12 6:55,2025-11-12 6:15
1223092,1001368180,0,NULL,0,NULL,0,0,0,USD,1,2025-11-12 6:44,2025-11-12 6:15
1223091,1001368138,0,NULL,0,NULL,0,0,0,USD,1,2025-11-12 6:55,2025-11-12 6:15
1223090,1001368242,0,NULL,0,NULL,0,0,0,USD,1,2025-11-12 6:41,2025-11-12 6:15
1223089,1001368265,0,NULL,0,NULL,0,0,0,USD,1,2025-11-12 6:56,2025-11-12 6:15
1223088,1001368236,0,NULL,0,NULL,0,0,0,USD,1,2025-11-12 6:44,2025-11-12 6:15
1223087,1001368189,0,NULL,0,NULL,0,0,0,USD,1,2025-11-12 6:56,2025-11-12 6:15
1223086,1001368164,0,NULL,0,NULL,0,0,0,USD,1,2025-11-12 6:41,2025-11-12 6:15
1223085,1001368151,285.53,2025-11-11 0:00,0,NULL,0,0,0,USD,1,2025-11-13 7:31,2025-11-13 6:16
1223084,1001368122,0,NULL,0,NULL,0,0,0,USD,1,2025-11-12 6:43,2025-11-12 6:15
1223083,1001368120,0,NULL,0,NULL,0,0,0,USD,1,2025-11-12 6:55,2025-11-12 6:15
1223082,1001368145,0,NULL,0,NULL,0,0,0,USD,1,2025-11-12 6:41,2025-11-12 6:15
1223081,1001368270,0,NULL,0,NULL,0,0,0,USD,1,2025-11-12 6:54,2025-11-12 6:15
1223080,1001368274,0,NULL,0,NULL,0,0,0,USD,1,2025-11-12 6:43,2025-11-12 6:15
1223079,1001368259,0,NULL,0,NULL,0,0,0,USD,1,2025-11-12 6:55,2025-11-12 6:15
1223078,1001368239,3317,2025-11-11 0:00,0,NULL,0,0,0,USD,1,2025-11-13 6:58,2025-11-13 6:16
1223077,1001368213,0,NULL,0,NULL,0,0,0,USD,1,2025-11-12 6:54,2025-11-12 6:15
1223076,1001368191,0,NULL,0,NULL,0,0,0,USD,1,2025-11-12 6:43,2025-11-12 6:15
1223075,1001368152,0,NULL,0,NULL,0,0,0,USD,1,2025-11-12 6:54,2025-11-12 6:15
1223074,1001368179,0,NULL,0,NULL,0,0,0,USD,1,2025-11-12 6:41,2025-11-12 6:15
1223073,1001368116,0,NULL,0,NULL,0,0,0,USD,1,2025-11-12 6:54,2025-11-12 6:15
1223072,1001368267,212.36,2025-11-12 0:00,0,NULL,0,0,0,USD,1,2025-11-13 6:49,2025-11-13 6:15
1223071,1001368135,0,NULL,0,NULL,0,0,0,USD,1,2025-11-12 6:54,2025-11-12 6:15
1223070,1001368109,0,NULL,0,NULL,0,0,0,USD,1,2025-11-12 7:02,2025-11-12 6:15
1223069,1001368156,0,NULL,0,NULL,0,0,0,USD,1,2025-11-12 6:52,2025-11-12 6:15
1223068,1001368160,1382.09,2025-11-11 0:00,0,NULL,0,0,0,USD,1,2025-11-13 6:52,2025-11-13 6:16
1223067,1001368193,7501,2025-11-12 0:00,0,NULL,0,0,0,USD,1,2025-11-13 6:49,2025-11-13 6:16
1223066,1001368108,0,NULL,0,NULL,0,0,0,USD,1,2025-11-12 6:39,2025-11-12 6:15
1223065,1001368133,0,NULL,0,NULL,0,0,0,USD,1,2025-11-12 6:53,2025-11-12 6:15
1223064,1001368282,0,NULL,0,NULL,0,0,0,USD,1,2025-11-12 6:42,2025-11-12 6:15
1223063,1001368280,0,NULL,0,NULL,0,0,0,USD,1,2025-11-12 6:54,2025-11-12 6:15
1223062,1001368293,0,NULL,0,NULL,0,0,0,USD,1,2025-11-12 7:02,2025-11-12 6:15
1223061,1001368123,0,NULL,0,NULL,0,0,0,USD,1,2025-11-12 6:53,2025-11-12 6:15
1223060,1001368129,105.4,2025-11-12 0:00,0,NULL,0,0,0,USD,1,2025-11-13 7:29,2025-11-13 6:16
1223059,1001368284,0,NULL,0,NULL,0,0,0,USD,1,2025-11-12 6:54,2025-11-12 6:15
1223058,1001368279,0,NULL,0,NULL,0,0,0,USD,1,2025-11-12 6:39,2025-11-12 6:15
1223057,1001368110,0,NULL,0,NULL,0,0,0,USD,1,2025-11-12 6:49,2025-11-12 6:15
1223056,1001368272,10702.5,2025-11-11 0:00,0,NULL,0,0,0,USD,1,2025-11-12 6:41,2025-11-12 6:15
1223055,1001368250,0,NULL,0,NULL,0,0,0,USD,1,2025-11-12 6:49,2025-11-12 6:15
1223054,1001368204,226.25,2025-11-11 0:00,0,NULL,0,0,0,USD,1,2025-11-13 7:19,2025-11-13 6:16
1223053,1001368192,0,NULL,0,NULL,0,0,0,USD,1,2025-11-12 6:49,2025-11-12 6:15
1223052,1001368197,0,NULL,0,NULL,0,0,0,USD,1,2025-11-12 7:01,2025-11-12 6:15
1223051,1001368188,0,NULL,0,NULL,0,0,0,USD,1,2025-11-12 6:49,2025-11-12 6:15
1223050,1001368146,0,NULL,0,NULL,0,0,0,USD,1,2025-11-12 6:53,2025-11-12 6:15
1223049,1001368237,0,NULL,0,NULL,0,0,0,USD,1,2025-11-12 6:49,2025-11-12 6:15
1223048,1001368165,0,NULL,0,NULL,0,0,0,USD,1,2025-11-12 7:01,2025-11-12 6:15
1223047,1001368251,780,2025-11-10 0:00,0,NULL,0,0,0,USD,1,2025-11-12 6:49,2025-11-12 6:15
1223046,1001368196,0,NULL,0,NULL,0,0,0,USD,1,2025-11-12 6:53,2025-11-12 6:15
1223045,1001368234,450,2025-11-11 0:00,0,NULL,0,0,0,USD,1,2025-11-13 7:28,2025-11-13 6:16
1223044,1001368194,300,2025-11-10 0:00,0,NULL,0,0,0,USD,1,2025-11-13 7:28,2025-11-13 6:16
1223043,1001368264,0,NULL,0,NULL,0,0,0,USD,1,2025-11-12 6:49,2025-11-12 6:15
1223042,1001368278,0,NULL,0,NULL,0,0,0,USD,1,2025-11-12 6:52,2025-11-12 6:15
1223041,1001368246,0,NULL,0,NULL,0,0,0,USD,1,2025-11-12 6:48,2025-11-12 6:15
1223040,1001368215,0,NULL,0,NULL,0,0,0,USD,1,2025-11-12 7:00,2025-11-12 6:15
1223039,1001368183,0,NULL,0,NULL,0,0,0,USD,1,2025-11-12 6:48,2025-11-12 6:15
1223038,1001368157,0,NULL,0,NULL,0,0,0,USD,1,2025-11-12 6:52,2025-11-12 6:15
1223037,1001368163,0,NULL,0,NULL,0,0,0,USD,1,2025-11-12 6:48,2025-11-12 6:15
1223036,1001368162,0,NULL,0,NULL,0,0,0,USD,1,2025-11-12 7:00,2025-11-12 6:15
1223035,1001368212,636,2025-11-12 0:00,0,NULL,0,0,0,USD,1,2025-11-13 7:14,2025-11-13 6:16
1223034,1001368210,0,NULL,0,NULL,0,0,0,USD,1,2025-11-12 6:52,2025-11-12 6:15
1223033,1001368208,0,NULL,0,NULL,0,0,0,USD,1,2025-11-12 6:48,2025-11-12 6:15
1223032,1001368207,0,NULL,0,NULL,0,0,0,USD,1,2025-11-12 7:00,2025-11-12 6:15
1223031,1001368184,0,NULL,0,NULL,0,0,0,USD,1,2025-11-12 6:48,2025-11-12 6:15
1223030,1001368243,0,NULL,0,NULL,0,0,0,USD,1,2025-11-12 6:52,2025-11-12 6:15
1223029,1001368161,288,2025-11-06 0:00,0,NULL,0,0,0,USD,1,2025-11-13 7:13,2025-11-13 6:16
1223028,1001368249,0,NULL,0,NULL,0,0,0,USD,1,2025-11-12 7:00,2025-11-12 6:15
1223027,1001368211,0,NULL,0,NULL,0,0,0,USD,1,2025-11-12 6:48,2025-11-12 6:15
1223026,1001368209,0,NULL,0,NULL,0,0,0,USD,1,2025-11-12 6:52,2025-11-12 6:15
1223025,1001368206,0,NULL,0,NULL,0,0,0,USD,1,2025-11-12 6:48,2025-11-12 6:15
1223024,1001368190,941.5,2025-11-11 0:00,0,NULL,0,0,0,USD,1,2025-11-12 6:59,2025-11-12 6:15
1223023,1001368159,0,NULL,0,NULL,0,0,0,USD,1,2025-11-12 6:48,2025-11-12 6:15
1223022,1001368112,0,NULL,0,NULL,0,0,0,USD,1,2025-11-12 6:59,2025-11-12 6:15
1223021,1001368173,0,NULL,0,NULL,0,0,0,USD,1,2025-11-12 6:52,2025-11-12 6:15
1223020,1001368154,75778.65,2025-11-12 0:00,0,NULL,0,0,0,USD,1,2025-11-13 6:51,2025-11-13 6:16
1223019,1001368235,9415.26,2025-11-12 0:00,0,NULL,0,0,0,USD,1,2025-11-13 6:45,2025-11-13 6:16
1223018,1001368223,0,NULL,0,NULL,0,0,0,USD,1,2025-11-12 6:58,2025-11-12 6:15
1223017,1001368291,9679.2,2025-11-11 0:00,0,NULL,0,0,0,USD,1,2025-11-13 7:09,2025-11-13 6:16
1223016,1001368131,0,NULL,0,NULL,0,0,0,USD,1,2025-11-12 6:41,2025-11-12 6:15
1223015,1001368118,0,NULL,0,NULL,0,0,0,USD,1,2025-11-12 6:51,2025-11-12 6:15
1223014,1001368176,14348.75,2025-11-12 0:00,0,NULL,0,0,0,USD,1,2025-11-13 6:37,2025-11-13 6:15
1223013,1001368104,1412.86,2025-11-11 0:00,0,NULL,0,0,0,USD,1,2025-11-13 7:01,2025-11-13 6:15
1223012,1001368169,4703.69,2025-11-10 0:00,0,NULL,0,0,0,USD,1,2025-11-13 6:36,2025-11-13 6:15
1223011,1001368119,0,NULL,0,NULL,0,0,0,USD,1,2025-11-12 6:51,2025-11-12 6:15
1223010,1001368294,0,NULL,0,NULL,0,0,0,USD,1,2025-11-12 6:55,2025-11-12 6:15
1223009,1001368244,0,NULL,0,NULL,0,0,0,USD,1,2025-11-12 6:50,2025-11-12 6:15
1223008,1001368199,5810.28,2025-11-12 0:00,0,NULL,0,0,0,USD,1,2025-11-13 6:32,2025-11-13 6:15
1223007,1001368292,0,NULL,0,NULL,0,0,0,USD,1,2025-11-12 6:50,2025-11-12 6:15
1223006,1001368141,2397.53,2025-11-07 0:00,0,NULL,0,0,0,USD,1,2025-11-13 6:47,2025-11-13 6:15
1223005,1001368167,0,NULL,0,NULL,0,0,0,USD,1,2025-11-12 6:49,2025-11-12 6:15
1223004,1001368172,2116.48,2025-11-10 0:00,0,NULL,0,0,0,USD,1,2025-11-13 6:33,2025-11-13 6:15
1223003,1001368174,0,NULL,0,NULL,0,0,0,USD,1,2025-11-12 6:49,2025-11-12 6:15
1223002,1001368229,0,NULL,0,NULL,0,0,0,USD,1,2025-11-12 7:02,2025-11-12 6:15
1223001,1001368136,0,NULL,0,NULL,0,0,0,USD,1,2025-11-12 6:47,2025-11-12 6:15
1223000,1001368228,0,NULL,0,NULL,0,0,0,USD,1,2025-11-12 6:59,2025-11-12 6:15
1222999,1001368137,1056.58,2025-11-11 0:00,0,NULL,0,0,0,USD,1,2025-11-13 6:42,2025-11-13 6:15
1222998,1001368150,0,NULL,0,NULL,0,0,0,USD,1,2025-11-12 6:51,2025-11-12 6:15
1222997,1001368198,0,NULL,0,NULL,0,0,0,USD,1,2025-11-12 6:47,2025-11-12 6:15
1222996,1001368177,285.53,2025-11-12 0:00,0,NULL,0,0,0,USD,1,2025-11-13 7:06,2025-11-13 6:15
1222995,1001368155,0,NULL,0,NULL,0,0,0,USD,1,2025-11-12 6:48,2025-11-12 6:15
1222994,1001368139,0,NULL,0,NULL,0,0,0,USD,1,2025-11-12 6:51,2025-11-12 6:15
1222993,1001368214,0,NULL,0,NULL,0,0,0,USD,1,2025-11-12 6:47,2025-11-12 6:15
1222992,1001368168,0,NULL,0,NULL,0,0,0,USD,1,2025-11-12 6:58,2025-11-12 6:15
1222991,1001368221,0,NULL,0,NULL,0,0,0,USD,1,2025-11-12 6:47,2025-11-12 6:15
1222990,1001368149,0,NULL,0,NULL,0,0,0,USD,1,2025-11-12 6:50,2025-11-12 6:15
1222989,1001368276,0,NULL,0,NULL,0,0,0,USD,1,2025-11-12 6:47,2025-11-12 6:15
1222988,1001368226,0,NULL,0,NULL,0,0,0,USD,1,2025-11-12 6:58,2025-11-12 6:15
1222987,1001368224,0,NULL,0,NULL,0,0,0,USD,1,2025-11-12 6:47,2025-11-12 6:15
1222986,1001368132,0,NULL,0,NULL,0,0,0,USD,1,2025-11-12 6:49,2025-11-12 6:15
1222985,1001368262,0,NULL,0,NULL,0,0,0,USD,1,2025-11-12 7:34,2025-11-12 6:15
1222984,1001368240,318.54,2025-11-11 0:00,0,NULL,0,0,0,USD,1,2025-11-13 7:40,2025-11-13 6:15
1222983,1001368258,0,NULL,0,NULL,0,0,0,USD,1,2025-11-12 7:34,2025-11-12 6:15
1222982,1001368283,0,NULL,0,NULL,0,0,0,USD,1,2025-11-12 6:48,2025-11-12 6:15
1222981,1001368158,0,NULL,0,NULL,0,0,0,USD,1,2025-11-12 7:34,2025-11-12 6:15
1222980,1001368266,733.39,2025-11-12 0:00,0,NULL,0,0,0,USD,1,2025-11-13 6:57,2025-11-13 6:15
1222979,1001368269,0,NULL,0,NULL,0,0,0,USD,1,2025-11-12 7:34,2025-11-12 6:15
1222978,1001368097,0,NULL,0,NULL,106983.15,0,0,USD,1,2025-11-12 6:46,2025-11-12 6:15
1222977,1001368053,0,NULL,0,NULL,0,0,0,USD,1,2025-11-11 6:57,2025-11-11 6:16
1222976,1001368033,0,NULL,0,NULL,0,0,0,USD,1,2025-11-11 6:58,2025-11-11 6:16
1222975,1001368020,23088.34,2025-11-11 0:00,0,NULL,0,0,0,USD,1,2025-11-13 7:36,2025-11-13 6:16
1222974,1001368017,0,NULL,0,NULL,0,0,0,USD,1,2025-11-11 6:57,2025-11-11 6:16
1222973,1001368008,1282.5,2025-11-11 0:00,0,NULL,0,0,0,USD,1,2025-11-13 7:35,2025-11-13 6:16
1222972,1001368010,37571,2025-11-11 0:00,0,NULL,0,0,0,USD,1,2025-11-13 7:41,2025-11-13 6:16
1222971,1001368093,0,NULL,0,NULL,0,0,0,USD,1,2025-11-11 6:57,2025-11-11 6:16
1222970,1001368096,0,NULL,0,NULL,0,0,0,USD,1,2025-11-11 6:57,2025-11-11 6:16
1222969,1001368094,0,NULL,0,NULL,0,0,0,USD,1,2025-11-11 6:57,2025-11-11 6:16
1222968,1001368061,0,NULL,0,NULL,0,0,0,USD,1,2025-11-11 6:58,2025-11-11 6:16
1222967,1001368059,0,NULL,0,NULL,0,0,0,USD,1,2025-11-11 6:57,2025-11-11 6:16
1222966,1001368041,2165.72,2025-11-07 0:00,0,NULL,0,0,0,USD,1,2025-11-13 7:36,2025-11-13 6:16
1222965,1001368036,0,NULL,0,NULL,0,0,0,USD,1,2025-11-11 6:57,2025-11-11 6:16
1222964,1001368021,0,NULL,0,NULL,0,0,0,USD,1,2025-11-11 6:58,2025-11-11 6:16
1222963,1001367994,83919.9,2025-10-31 0:00,0,NULL,0,0,0,USD,1,2025-11-13 7:36,2025-11-13 6:16
1222962,1001367991,0,NULL,0,NULL,0,0,0,USD,1,2025-11-11 6:57,2025-11-11 6:16
1222961,1001367989,0,NULL,0,NULL,0,0,0,USD,1,2025-11-11 6:57,2025-11-11 6:16
1222960,1001368044,0,NULL,0,NULL,0,0,0,USD,1,2025-11-11 6:58,2025-11-11 6:16
1222959,1001368072,0,NULL,0,NULL,0,0,0,USD,1,2025-11-11 6:55,2025-11-11 6:16
1222958,1001368049,0,NULL,0,NULL,0,0,0,USD,1,2025-11-11 6:57,2025-11-11 6:16
1222957,1001368018,0,NULL,0,NULL,0,0,0,USD,1,2025-11-11 6:56,2025-11-11 6:16
1222956,1001368088,0,NULL,0,NULL,0,0,0,USD,1,2025-11-11 6:58,2025-11-11 6:16
1222955,1001368065,0,NULL,0,NULL,0,0,0,USD,1,2025-11-11 6:56,2025-11-11 6:16
1222954,1001368003,0,NULL,0,NULL,0,0,0,USD,1,2025-11-11 6:55,2025-11-11 6:16
1222953,1001368030,0,NULL,0,NULL,0,0,0,USD,1,2025-11-11 6:55,2025-11-11 6:16
1222952,1001368080,0,NULL,0,NULL,0,0,0,USD,1,2025-11-11 6:57,2025-11-11 6:16
1222951,1001368078,0,NULL,0,NULL,0,0,0,USD,1,2025-11-11 6:55,2025-11-11 6:16
1222950,1001368032,674.56,2025-11-05 0:00,0,NULL,0,0,0,USD,1,2025-11-13 6:54,2025-11-13 6:16
1222949,1001368052,11370.83,2025-10-13 0:00,0,NULL,0,0,0,USD,1,2025-11-13 7:35,2025-11-13 6:16
1222948,1001368103,30460.5,2025-11-12 0:00,0,NULL,0,0,0,USD,1,2025-11-13 6:57,2025-11-13 6:16
1222947,1001368038,401.52,2025-11-11 0:00,0,NULL,0,0,0,USD,1,2025-11-13 7:33,2025-11-13 6:16
1222946,1001368074,0,NULL,0,NULL,0,0,0,USD,1,2025-11-11 6:55,2025-11-11 6:16
1222945,1001368071,0,NULL,0,NULL,0,0,0,USD,1,2025-11-11 6:55,2025-11-11 6:16
1222944,1001368031,674.56,2025-11-05 0:00,0,NULL,0,0,0,USD,1,2025-11-13 6:54,2025-11-13 6:16
1222943,1001368015,25075.5,2025-11-11 0:00,0,NULL,0,0,0,USD,1,2025-11-13 7:32,2025-11-13 6:16
1222942,1001368011,0,NULL,6688.56,45973,0,0,0,USD,1,2025-11-13 7:32,2025-11-13 6:16
1222941,1001367987,0,NULL,0,NULL,0,0,0,USD,1,2025-11-11 6:54,2025-11-11 6:16
1222940,1001368090,0,NULL,0,NULL,0,0,0,USD,1,2025-11-11 6:57,2025-11-11 6:16
1222939,1001368079,0,NULL,0,NULL,0,0,0,USD,1,2025-11-11 6:54,2025-11-11 6:16
1222938,1001367996,13976.19,2025-11-11 0:00,0,NULL,0,0,0,USD,1,2025-11-13 7:37,2025-11-13 6:16
1222937,1001367988,0,NULL,0,NULL,0,0,0,USD,1,2025-11-11 6:54,2025-11-11 6:16
1222936,1001368016,0,NULL,0,NULL,0,0,0,USD,1,2025-11-11 6:57,2025-11-11 6:16
1222935,1001367984,1963.5,2025-11-06 0:00,0,NULL,0,0,0,USD,1,2025-11-11 6:54,2025-11-11 6:16
1222934,1001368027,0,NULL,0,NULL,0,0,0,USD,1,2025-11-11 6:38,2025-11-11 6:16
1222933,1001368099,0,NULL,0,NULL,0,0,0,USD,1,2025-11-11 6:54,2025-11-11 6:16
1222932,1001368000,3643.98,2025-11-02 0:00,0,NULL,0,0,0,USD,1,2025-11-13 6:55,2025-11-13 6:16
1222931,1001367998,0,NULL,0,NULL,0,0,0,USD,1,2025-11-11 6:37,2025-11-11 6:16
1222930,1001368101,0,NULL,0,NULL,0,0,0,USD,1,2025-11-11 6:54,2025-11-11 6:16
1222929,1001367997,0,NULL,0,NULL,0,0,0,USD,1,2025-11-11 6:38,2025-11-11 6:16
1222928,1001368048,0,NULL,0,NULL,0,0,0,USD,1,2025-11-11 6:56,2025-11-11 6:16
1222927,1001368091,0,NULL,0,NULL,0,0,0,USD,1,2025-11-11 6:54,2025-11-11 6:16
1222926,1001368019,1177,2025-11-10 0:00,0,NULL,0,0,0,USD,1,2025-11-12 6:55,2025-11-12 6:15
1222925,1001368001,2313.14,2025-11-06 0:00,0,NULL,0,0,0,USD,1,2025-11-13 6:50,2025-11-13 6:16
1222924,1001368102,0,NULL,0,NULL,0,0,0,USD,1,2025-11-11 6:55,2025-11-11 6:16
1222923,1001368045,0,NULL,0,NULL,0,0,0,USD,1,2025-11-11 6:37,2025-11-11 6:16
1222922,1001368046,162.39,2025-11-10 0:00,0,NULL,0,0,0,USD,1,2025-11-13 6:49,2025-11-13 6:16
1222921,1001367995,0,NULL,0,NULL,0,0,0,USD,1,2025-11-11 6:38,2025-11-11 6:16
1222920,1001368092,0,NULL,0,NULL,0,0,0,USD,1,2025-11-11 6:38,2025-11-11 6:16
1222919,1001368025,0,NULL,0,NULL,0,0,0,USD,1,2025-11-11 6:37,2025-11-11 6:16
1222918,1001368023,867,2025-11-12 0:00,0,NULL,0,0,0,USD,1,2025-11-13 6:51,2025-11-13 6:16
1222917,1001368067,0,NULL,0,NULL,0,0,0,USD,1,2025-11-11 6:37,2025-11-11 6:16
1222916,1001368084,0,NULL,0,NULL,0,0,0,USD,1,2025-11-11 6:55,2025-11-11 6:16
1222915,1001368034,0,NULL,0,NULL,0,0,0,USD,1,2025-11-11 6:37,2025-11-11 6:16
1222914,1001368014,6253,2025-11-05 0:00,0,NULL,0,0,0,USD,1,2025-11-13 6:51,2025-11-13 6:16
1222913,1001368002,0,NULL,0,NULL,0,0,0,USD,1,2025-11-11 6:35,2025-11-11 6:16
1222912,1001367985,8458.63,2025-11-12 0:00,0,NULL,0,0,0,USD,1,2025-11-13 6:50,2025-11-13 6:16
1222911,1001368087,0,NULL,0,NULL,0,0,0,USD,1,2025-11-11 6:34,2025-11-11 6:16
1222910,1001368089,0,NULL,0,NULL,0,0,0,USD,1,2025-11-11 6:34,2025-11-11 6:16
1222909,1001368068,0,NULL,0,NULL,0,0,0,USD,1,2025-11-11 6:34,2025-11-11 6:16
1222908,1001368047,974.7,2025-11-07 0:00,0,NULL,0,0,0,USD,1,2025-11-11 6:35,2025-11-11 6:16
1222907,1001368026,1371,2025-11-10 0:00,0,NULL,0,0,0,USD,1,2025-11-13 7:28,2025-11-13 6:16
1222906,1001368069,0,NULL,0,NULL,0,0,0,USD,1,2025-11-11 6:34,2025-11-11 6:16
1222905,1001368005,92804,2025-11-06 0:00,0,NULL,0,0,0,USD,1,2025-11-11 6:34,2025-11-11 6:16
1222904,1001368100,0,NULL,0,NULL,0,0,0,USD,1,2025-11-11 6:37,2025-11-11 6:16
1222903,1001368035,0,NULL,0,NULL,0,0,0,USD,1,2025-11-11 6:36,2025-11-11 6:16
1222902,1001367990,8749.5,2025-11-10 0:00,0,NULL,0,0,0,USD,1,2025-11-13 6:43,2025-11-13 6:16
1222901,1001368004,27171.85,2025-11-07 0:00,0,NULL,0,0,0,USD,1,2025-11-12 6:52,2025-11-12 6:15
1222900,1001368040,0,NULL,0,NULL,0,0,0,USD,1,2025-11-11 6:37,2025-11-11 6:16
1222899,1001368077,0,NULL,0,NULL,0,0,0,USD,1,2025-11-11 6:36,2025-11-11 6:16
1222898,1001367999,162.75,2025-11-06 0:00,0,NULL,0,0,0,USD,1,2025-11-13 6:46,2025-11-13 6:16
1222897,1001368013,680.72,2025-11-12 0:00,0,NULL,0,0,0,USD,1,2025-11-13 7:00,2025-11-13 6:15
1222896,1001368086,0,NULL,0,NULL,0,0,0,USD,1,2025-11-11 6:37,2025-11-11 6:16
1222895,1001368075,0,NULL,0,NULL,0,0,0,USD,1,2025-11-11 6:36,2025-11-11 6:16
1222894,1001368060,1181.02,2025-11-10 0:00,0,NULL,0,0,0,USD,1,2025-11-13 6:35,2025-11-13 6:15
1222893,1001368028,1229.55,2025-11-12 0:00,0,NULL,0,0,0,USD,1,2025-11-13 6:35,2025-11-13 6:15
1222892,1001367992,2741.06,2025-11-05 0:00,0,NULL,0,0,0,USD,1,2025-11-13 6:35,2025-11-13 6:15
1222891,1001368007,3.02,2025-11-11 0:00,0,NULL,0,0,0,USD,1,2025-11-13 6:34,2025-11-13 6:15
1222890,1001367986,15866.09,2025-11-11 0:00,0,NULL,0,0,0,USD,1,2025-11-13 6:59,2025-11-13 6:15
1222889,1001368006,0,NULL,0,NULL,0,0,0,USD,1,2025-11-11 6:35,2025-11-11 6:16
1222888,1001368042,0,NULL,0,NULL,0,0,0,USD,1,2025-11-11 6:36,2025-11-11 6:16
1222887,1001368012,1361.15,2025-11-12 0:00,0,NULL,0,0,0,USD,1,2025-11-13 6:33,2025-11-13 6:15
1222886,1001368009,0,NULL,0,NULL,0,0,0,USD,1,2025-11-11 6:35,2025-11-11 6:16
1222885,1001367993,0,NULL,0,NULL,0,0,0,USD,1,2025-11-11 6:35,2025-11-11 6:16
1222884,1001368024,1457.59,2025-11-12 0:00,0,NULL,0,0,0,USD,1,2025-11-13 6:34,2025-11-13 6:15
1222883,1001368085,0,NULL,0,NULL,0,0,0,USD,1,2025-11-11 6:35,2025-11-11 6:16
1222882,1001368037,0,NULL,0,NULL,0,0,0,USD,1,2025-11-11 6:34,2025-11-11 6:16
1222881,1001368051,0,NULL,0,NULL,0,0,0,USD,1,2025-11-11 6:33,2025-11-11 6:16
1222880,1001368063,0,NULL,0,NULL,0,0,0,USD,1,2025-11-11 6:34,2025-11-11 6:16
1222879,1001368050,0,NULL,0,NULL,0,0,0,USD,1,2025-11-11 6:33,2025-11-11 6:16
1222878,1001368073,0,NULL,0,NULL,0,0,0,USD,1,2025-11-11 6:33,2025-11-11 6:16
1222877,1001368070,0,NULL,0,NULL,0,0,0,USD,1,2025-11-11 6:33,2025-11-11 6:16
1222876,1001368058,0,NULL,0,NULL,0,0,0,USD,1,2025-11-11 6:34,2025-11-11 6:16
1222875,1001368076,0,NULL,0,NULL,0,0,0,USD,1,2025-11-11 6:33,2025-11-11 6:16
1222874,1001368055,0,NULL,0,NULL,0,0,0,USD,1,2025-11-11 6:33,2025-11-11 6:16
1222873,1001368022,1014.17,2025-11-11 0:00,0,NULL,0,0,0,USD,1,2025-11-13 7:05,2025-11-13 6:15
1222872,1001368056,0,NULL,0,NULL,0,0,0,USD,1,2025-11-11 6:34,2025-11-11 6:16
1222871,1001368095,0,NULL,0,NULL,0,0,0,USD,1,2025-11-11 6:33,2025-11-11 6:16
1222870,1001368057,7127.51,2025-11-11 0:00,0,NULL,0,0,0,USD,1,2025-11-13 7:07,2025-11-13 6:15
1222869,1001368054,192.73,2025-11-10 0:00,0,NULL,0,0,0,USD,1,2025-11-13 7:10,2025-11-13 6:15
1222868,1001368062,0,NULL,0,NULL,0,0,0,USD,1,2025-11-11 6:33,2025-11-11 6:16
1222867,1001368064,0,NULL,0,NULL,0,0,0,USD,1,2025-11-11 6:33,2025-11-11 6:16
1222866,1001368043,1442.28,2025-11-10 0:00,0,NULL,0,0,0,USD,1,2025-11-13 6:58,2025-11-13 6:15
1222865,1001368029,0,NULL,0,NULL,0,0,0,USD,1,2025-11-11 6:32,2025-11-11 6:16
1222864,1001368066,0,NULL,0,NULL,0,0,0,USD,1,2025-11-11 6:33,2025-11-11 6:16
1222863,1001368083,0,NULL,0,NULL,0,0,0,USD,1,2025-11-11 6:32,2025-11-11 6:16
1222862,1001368081,2600.81,2025-11-12 0:00,0,NULL,0,0,0,USD,1,2025-11-13 7:40,2025-11-13 6:15
1222861,1001368039,446.14,2025-11-06 0:00,0,NULL,0,0,0,USD,1,2025-11-13 7:40,2025-11-13 6:15
1222860,1001368082,443.28,2025-11-11 0:00,0,NULL,0,0,0,USD,1,2025-11-13 6:56,2025-11-13 6:15
1222859,1001367978,7122.51,2025-11-12 0:00,0,NULL,0,0,0,USD,1,2025-11-13 7:02,2025-11-13 6:16
1222858,1001367975,0,NULL,0,NULL,0,0,0,USD,1,2025-11-10 7:05,2025-11-10 6:15
1222857,1001367977,543.91,2025-11-11 0:00,0,NULL,0,0,0,USD,1,2025-11-13 6:51,2025-11-13 6:16
1222856,1001367976,29747.61,2025-11-12 0:00,0,NULL,0,0,0,USD,1,2025-11-13 6:51,2025-11-13 6:16
1222855,1001367980,6604.5,2025-11-11 0:00,0,NULL,0,0,0,USD,1,2025-11-12 6:51,2025-11-12 6:15
1222854,1001367979,0,NULL,0,NULL,0,0,0,USD,1,2025-11-10 7:01,2025-11-10 6:15
1222853,1001367983,17862.07,2025-11-10 0:00,0,NULL,0,0,0,USD,1,2025-11-13 6:36,2025-11-13 6:15
1222852,1001367981,17265.08,2025-11-12 0:00,0,NULL,0,0,0,USD,1,2025-11-13 6:37,2025-11-13 6:15
1222851,1001367982,5697.87,2025-11-12 0:00,0,NULL,0,0,0,USD,1,2025-11-13 6:34,2025-11-13 6:15
1222850,1001367974,0,NULL,0,NULL,0,0,0,USD,1,2025-11-09 6:30,2025-11-09 6:15
1222849,1001367970,23.56,2025-11-05 0:00,0,NULL,0,0,0,USD,1,2025-11-13 7:36,2025-11-13 6:16
1222848,1001367930,4943.22,2025-11-10 0:00,0,NULL,0,0,0,USD,1,2025-11-13 7:36,2025-11-13 6:16
1222847,1001367922,0,NULL,0,NULL,0,0,0,USD,1,2025-11-08 7:31,2025-11-08 6:16
1222846,1001367917,0,NULL,0,NULL,0,0,0,USD,1,2025-11-08 7:20,2025-11-08 6:16
1222845,1001367913,87.8,2025-11-06 0:00,0,NULL,0,0,0,USD,1,2025-11-13 7:36,2025-11-13 6:16
1222844,1001367910,0,NULL,0,NULL,0,0,0,USD,1,2025-11-08 7:37,2025-11-08 6:16
1222843,1001367852,4156.5,2025-11-11 0:00,0,NULL,0,0,0,USD,1,2025-11-12 6:46,2025-11-12 6:15
1222842,1001367840,4931.52,2025-11-11 0:00,0,NULL,0,0,0,USD,1,2025-11-13 7:36,2025-11-13 6:16
1222841,1001367838,0,NULL,0,NULL,0,0,0,USD,1,2025-11-08 7:44,2025-11-08 6:16
1222840,1001367973,0,NULL,0,NULL,0,0,0,USD,1,2025-11-08 7:44,2025-11-08 6:16
1222839,1001367918,2139.59,2025-11-05 0:00,0,NULL,0,0,0,USD,1,2025-11-13 7:04,2025-11-13 6:16
1222838,1001367858,2498.02,2025-11-10 0:00,0,NULL,0,0,0,USD,1,2025-11-13 7:39,2025-11-13 6:16
1222837,1001367951,0,NULL,0,NULL,0,0,0,USD,1,2025-11-08 7:44,2025-11-08 6:16
1222836,1001367915,0,NULL,0,NULL,0,0,0,USD,1,2025-11-08 7:31,2025-11-08 6:16
1222835,1001367961,0,NULL,0,NULL,0,0,0,USD,1,2025-11-13 7:36,2025-11-13 6:16
1222834,1001367895,0,NULL,0,NULL,0,0,0,USD,1,2025-11-08 7:31,2025-11-08 6:16
1222833,1001367894,0,NULL,0,NULL,0,0,0,USD,1,2025-11-08 7:31,2025-11-08 6:16
1222832,1001367861,0,NULL,0,NULL,0,0,0,USD,1,2025-11-08 7:31,2025-11-08 6:16
1222831,1001367835,12495.9,2025-11-10 0:00,0,NULL,0,0,0,USD,1,2025-11-13 7:36,2025-11-13 6:16
1222830,1001367839,0,NULL,0,NULL,0,0,0,USD,1,2025-11-08 7:37,2025-11-08 6:16
1222829,1001367893,3706.66,2025-11-11 0:00,0,NULL,0,0,0,USD,1,2025-11-13 7:03,2025-11-13 6:16
1222828,1001367889,924,2025-11-06 0:00,0,NULL,0,0,0,USD,1,2025-11-11 6:56,2025-11-11 6:16
1222827,1001367873,7275.07,2025-11-09 0:00,0,NULL,0,0,0,USD,1,2025-11-13 7:04,2025-11-13 6:16
1222826,1001367928,4190.49,2025-11-11 0:00,0,NULL,0,0,0,USD,1,2025-11-13 7:03,2025-11-13 6:16
1222825,1001367948,1100,2025-11-04 0:00,0,NULL,0,0,0,USD,1,2025-11-11 6:58,2025-11-11 6:16
1222824,1001367947,1100,2025-11-04 0:00,0,NULL,0,0,0,USD,1,2025-11-11 6:55,2025-11-11 6:16
1222823,1001367958,0,NULL,0,NULL,0,0,0,USD,1,2025-11-08 7:44,2025-11-08 6:16
1222822,1001367943,0,NULL,0,NULL,0,0,0,USD,1,2025-11-08 7:38,2025-11-08 6:16
1222821,1001367856,0,NULL,0,NULL,0,0,0,USD,1,2025-11-08 7:34,2025-11-08 6:16
1222820,1001367920,41396.66,2025-11-12 0:00,0,NULL,0,0,0,USD,1,2025-11-13 7:38,2025-11-13 6:16
1222819,1001367857,0,NULL,0,NULL,0,0,0,USD,1,2025-11-08 7:32,2025-11-08 6:16
1222818,1001367863,0,NULL,0,NULL,0,0,0,USD,1,2025-11-08 7:32,2025-11-08 6:16
1222817,1001367959,0,NULL,0,NULL,0,0,0,USD,1,2025-11-08 7:44,2025-11-08 6:16
1222816,1001367940,374.76,2025-11-11 0:00,0,NULL,0,0,0,USD,1,2025-11-13 7:32,2025-11-13 6:16
1222815,1001367957,677.42,2025-11-07 0:00,0,NULL,0,0,0,USD,1,2025-11-13 7:33,2025-11-13 6:16
1222814,1001367860,0,NULL,0,NULL,0,0,0,USD,1,2025-11-08 7:04,2025-11-08 6:16
1222813,1001367960,0,NULL,0,NULL,0,0,0,USD,1,2025-11-08 6:40,2025-11-08 6:16
1222812,1001367941,0,NULL,0,NULL,0,0,0,USD,1,2025-11-08 7:32,2025-11-08 6:16
1222811,1001367939,0,NULL,0,NULL,0,0,0,USD,1,2025-11-08 7:04,2025-11-08 6:16
1222810,1001367891,90.5,2025-11-10 0:00,0,NULL,0,0,0,USD,1,2025-11-12 6:58,2025-11-12 6:15
1222809,1001367932,5957,2025-11-07 0:00,0,NULL,0,0,0,USD,1,2025-11-11 6:57,2025-11-11 6:16
1222808,1001367834,8131.19,2025-10-07 0:00,0,NULL,0,0,0,USD,1,2025-11-13 6:57,2025-11-13 6:16
1222807,1001367962,374.76,2025-11-07 0:00,0,NULL,0,0,0,USD,1,2025-11-13 7:36,2025-11-13 6:16
1222806,1001367887,0,NULL,0,NULL,0,0,0,USD,1,2025-11-08 6:58,2025-11-08 6:16
1222805,1001367880,161.2,2025-11-05 0:00,0,NULL,0,0,0,USD,1,2025-11-13 7:32,2025-11-13 6:16
1222804,1001367843,0,NULL,0,NULL,0,0,0,USD,1,2025-11-08 7:41,2025-11-08 6:16
1222803,1001367888,0,NULL,0,NULL,0,0,0,USD,1,2025-11-08 6:53,2025-11-08 6:16
1222802,1001367869,0,NULL,0,NULL,0,0,0,USD,1,2025-11-08 7:41,2025-11-08 6:16
1222801,1001367833,0,NULL,0,NULL,0,0,0,USD,1,2025-11-08 7:07,2025-11-08 6:16
1222800,1001367937,0,NULL,0,NULL,0,0,0,USD,1,2025-11-08 7:00,2025-11-08 6:16
1222799,1001367955,2590.32,2025-11-10 0:00,0,NULL,0,0,0,USD,1,2025-11-13 6:55,2025-11-13 6:16
1222798,1001367914,13774.44,2025-11-06 0:00,0,NULL,0,0,0,USD,1,2025-11-13 6:58,2025-11-13 6:16
1222797,1001367883,1560,2025-11-06 0:00,0,NULL,0,0,0,USD,1,2025-11-12 6:40,2025-11-12 6:15
1222796,1001367882,2418.7,2025-11-06 0:00,0,NULL,0,0,0,USD,1,2025-11-12 6:54,2025-11-12 6:15
1222795,1001367900,0,NULL,0,NULL,0,0,0,USD,1,2025-11-08 7:32,2025-11-08 6:16
1222794,1001367876,0,NULL,0,NULL,0,0,0,USD,1,2025-11-08 6:52,2025-11-08 6:16
1222793,1001367954,1361.61,2025-11-12 0:00,0,NULL,0,0,0,USD,1,2025-11-13 6:47,2025-11-13 6:16
1222792,1001367907,276.61,2025-11-06 0:00,0,NULL,0,0,0,USD,1,2025-11-13 7:34,2025-11-13 6:15
1222791,1001367945,3509.5,2025-11-11 0:00,0,NULL,0,0,0,USD,1,2025-11-13 6:47,2025-11-13 6:15
1222790,1001367867,3596.5,2025-11-11 0:00,0,NULL,0,0,0,USD,1,2025-11-13 6:49,2025-11-13 6:16
1222789,1001367847,5048.72,2025-11-07 0:00,0,NULL,0,0,0,USD,1,2025-11-13 6:51,2025-11-13 6:16
1222788,1001367845,18891.57,2025-11-10 0:00,0,NULL,0,0,0,USD,1,2025-11-13 6:52,2025-11-13 6:16
1222787,1001367912,0,NULL,0,NULL,0,0,0,USD,1,2025-11-08 6:48,2025-11-08 6:16
1222786,1001367902,3062.3,2025-11-11 0:00,0,NULL,0,0,0,USD,1,2025-11-13 6:48,2025-11-13 6:16
1222785,1001367878,0,NULL,0,NULL,0,0,0,USD,1,2025-11-08 7:12,2025-11-08 6:16
1222784,1001367896,7195.77,2025-11-10 0:00,0,NULL,0,0,0,USD,1,2025-11-13 6:51,2025-11-13 6:16
1222783,1001367890,36124,2025-11-12 0:00,0,NULL,0,0,0,USD,1,2025-11-13 7:30,2025-11-13 6:16
1222782,1001367868,0,NULL,0,NULL,0,0,0,USD,1,2025-11-08 7:29,2025-11-08 6:16
1222781,1001367872,0,NULL,0,NULL,0,0,0,USD,1,2025-11-08 7:24,2025-11-08 6:16
1222780,1001367870,0,NULL,0,NULL,0,0,0,USD,1,2025-11-08 7:27,2025-11-08 6:16
1222779,1001367944,1839.16,2025-11-12 0:00,0,NULL,0,0,0,USD,1,2025-11-13 6:53,2025-11-13 6:16
1222778,1001367897,0,NULL,0,NULL,0,0,0,USD,1,2025-11-08 6:50,2025-11-08 6:16
1222777,1001367879,0,NULL,0,NULL,0,0,0,USD,1,2025-11-08 7:29,2025-11-08 6:16
1222776,1001367968,0,NULL,0,NULL,0,0,0,USD,1,2025-11-08 6:47,2025-11-08 6:16
1222775,1001367967,0,NULL,0,NULL,0,0,0,USD,1,2025-11-08 6:47,2025-11-08 6:16
1222774,1001367884,216,2025-11-06 0:00,0,NULL,0,0,0,USD,1,2025-11-12 7:01,2025-11-12 6:15
1222773,1001367952,1446.5,2025-11-07 0:00,0,NULL,0,0,0,USD,1,2025-11-11 6:34,2025-11-11 6:16
1222772,1001367862,6162.5,2025-11-07 0:00,0,NULL,0,0,0,USD,1,2025-11-12 6:48,2025-11-12 6:15
1222771,1001367871,0,NULL,0,NULL,0,0,0,USD,1,2025-11-08 7:24,2025-11-08 6:16
1222770,1001367886,0,NULL,0,NULL,0,0,0,USD,1,2025-11-08 6:48,2025-11-08 6:16
1222769,1001367899,0,NULL,0,NULL,0,0,0,USD,1,2025-11-08 6:50,2025-11-08 6:16
1222768,1001367969,636,2025-11-11 0:00,0,NULL,0,0,0,USD,1,2025-11-12 6:52,2025-11-12 6:15
1222767,1001367966,0,NULL,0,NULL,0,0,0,USD,1,2025-11-08 6:47,2025-11-08 6:16
1222766,1001367965,636,2025-11-11 0:00,0,NULL,0,0,0,USD,1,2025-11-12 6:48,2025-11-12 6:15
1222765,1001367935,0,NULL,0,NULL,0,0,0,USD,1,2025-11-08 6:50,2025-11-08 6:16
1222764,1001367864,3400,2025-11-06 0:00,0,NULL,0,0,0,USD,1,2025-11-12 6:59,2025-11-12 6:15
1222763,1001367934,915.6,2025-11-11 0:00,0,NULL,0,0,0,USD,1,2025-11-13 7:37,2025-11-13 6:16
1222762,1001367905,2346.6,2025-11-10 0:00,0,NULL,0,0,0,USD,1,2025-11-13 6:46,2025-11-13 6:16
1222761,1001367851,0,NULL,0,NULL,0,0,0,USD,1,2025-11-08 6:44,2025-11-08 6:16
1222760,1001367904,9776.37,2025-11-10 0:00,0,NULL,0,0,0,USD,1,2025-11-13 6:44,2025-11-13 6:16
1222759,1001367837,0,NULL,0,NULL,0,0,0,USD,1,2025-11-08 6:35,2025-11-08 6:16
1222758,1001367853,0,NULL,0,NULL,0,0,0,USD,1,2025-11-08 7:06,2025-11-08 6:16
1222757,1001367859,117.78,2025-11-06 0:00,0,NULL,0,0,0,USD,1,2025-11-13 6:43,2025-11-13 6:16
1222756,1001367950,7929.49,2025-11-11 0:00,0,NULL,0,0,0,USD,1,2025-11-13 6:37,2025-11-13 6:15
1222755,1001367874,0,NULL,0,NULL,0,0,0,USD,1,2025-11-08 6:34,2025-11-08 6:16
1222754,1001367836,0,NULL,0,NULL,0,0,0,USD,1,2025-11-08 6:35,2025-11-08 6:16
1222753,1001367842,2072.28,2025-11-05 0:00,0,NULL,0,0,0,USD,1,2025-11-13 7:00,2025-11-13 6:15
1222752,1001367846,21180,2025-11-07 0:00,0,NULL,0,0,0,USD,1,2025-11-12 6:51,2025-11-12 6:15
1222751,1001367848,7972.11,2025-11-11 0:00,0,NULL,0,0,0,USD,1,2025-11-13 6:34,2025-11-13 6:15
1222750,1001367841,0,NULL,0,NULL,0,0,0,USD,1,2025-11-08 6:34,2025-11-08 6:15
1222749,1001367850,1800,2025-10-06 0:00,0,NULL,0,0,0,USD,1,2025-11-12 6:49,2025-11-12 6:15
1222748,1001367898,6681.29,2025-11-28 0:00,0,NULL,0,0,0,USD,1,2025-11-13 6:30,2025-11-13 6:15
1222747,1001367916,547.68,2025-11-07 0:00,0,NULL,0,0,0,USD,1,2025-11-13 6:33,2025-11-13 6:15
1222746,1001367849,6672.61,2025-11-11 0:00,0,NULL,0,0,0,USD,1,2025-11-13 6:30,2025-11-13 6:15
1222745,1001367933,0,NULL,0,NULL,0,0,0,USD,1,2025-11-08 6:31,2025-11-08 6:15
1222744,1001367844,0,NULL,0,NULL,0,0,0,USD,1,2025-11-08 6:31,2025-11-08 6:15
1222743,1001367938,0,NULL,0,NULL,0,0,0,USD,1,2025-11-08 6:44,2025-11-08 6:15
1222742,1001367936,0,NULL,0,NULL,0,0,0,USD,1,2025-11-08 6:31,2025-11-08 6:15
1222741,1001367931,0,NULL,0,NULL,0,0,0,USD,1,2025-11-08 6:31,2025-11-08 6:15
1222740,1001367926,0,NULL,0,NULL,0,0,0,USD,1,2025-11-08 6:31,2025-11-08 6:15
1222739,1001367925,0,NULL,0,NULL,0,0,0,USD,1,2025-11-08 6:31,2025-11-08 6:15
1222738,1001367924,0,NULL,0,NULL,0,0,0,USD,1,2025-11-08 6:31,2025-11-08 6:15
1222737,1001367866,0,NULL,0,NULL,0,0,0,USD,1,2025-11-08 6:30,2025-11-08 6:15
1222736,1001367927,2736.31,2025-11-12 0:00,0,NULL,0,0,0,USD,1,2025-11-13 6:42,2025-11-13 6:15
1222735,1001367942,0,NULL,0,NULL,0,0,0,USD,1,2025-11-08 7:36,2025-11-08 6:15
1222734,1001367875,2307.97,2025-11-10 0:00,0,NULL,0,0,0,USD,1,2025-11-13 6:42,2025-11-13 6:15
1222733,1001367877,0,NULL,0,NULL,0,0,0,USD,1,2025-11-08 6:43,2025-11-08 6:15
1222732,1001367923,0,NULL,0,NULL,0,0,0,USD,1,2025-11-08 6:43,2025-11-08 6:15
1222731,1001367885,0,NULL,0,NULL,0,0,0,USD,1,2025-11-08 6:43,2025-11-08 6:15
1222730,1001367929,0,NULL,0,NULL,0,0,0,USD,1,2025-11-08 6:43,2025-11-08 6:15
1222729,1001367909,0,NULL,0,NULL,0,0,0,USD,1,2025-11-08 7:36,2025-11-08 6:15
1222728,1001367949,3046.84,2025-11-07 0:00,0,NULL,0,0,0,USD,1,2025-11-12 6:47,2025-11-12 6:15
1222727,1001367881,0,NULL,0,NULL,0,0,0,USD,1,2025-11-08 7:36,2025-11-08 6:15
1222726,1001367964,2424.85,2025-11-10 0:00,0,NULL,0,0,0,USD,1,2025-11-13 6:40,2025-11-13 6:15
1222725,1001367953,51.4,2025-11-11 0:00,0,NULL,0,0,0,USD,1,2025-11-13 7:05,2025-11-13 6:15
1222724,1001367956,0,NULL,1104.02,45973,0,0,0,USD,1,2025-11-13 7:05,2025-11-13 6:15
1222723,1001367908,0,NULL,0,NULL,0,0,0,USD,1,2025-11-08 7:31,2025-11-08 6:15
1222722,1001367903,0,NULL,0,NULL,0,0,0,USD,1,2025-11-08 7:34,2025-11-08 6:15
1222721,1001367892,0,NULL,0,NULL,0,0,0,USD,1,2025-11-08 7:34,2025-11-08 6:15
1222720,1001367921,0,NULL,0,NULL,0,0,0,USD,1,2025-11-08 7:31,2025-11-08 6:15
1222719,1001367919,0,NULL,0,NULL,0,0,0,USD,1,2025-11-08 7:31,2025-11-08 6:15
1222718,1001367901,0,NULL,0,NULL,0,0,0,USD,1,2025-11-08 7:34,2025-11-08 6:15
1222717,1001367963,0,NULL,0,NULL,0,0,0,USD,1,2025-11-08 7:01,2025-11-08 6:15
1222716,1001367855,0,NULL,0,NULL,0,0,0,USD,1,2025-11-08 7:42,2025-11-08 6:15
1222715,1001367906,173.46,2025-11-11 0:00,0,NULL,0,0,0,USD,1,2025-11-13 7:40,2025-11-13 6:15
1222714,1001367865,0,NULL,0,NULL,0,0,0,USD,1,2025-11-08 7:41,2025-11-08 6:15
1222713,1001367854,389.03,2025-11-12 0:00,0,NULL,0,0,0,USD,1,2025-11-13 7:40,2025-11-13 6:15
1222712,1001367946,0,NULL,0,NULL,0,0,0,USD,1,2025-11-08 7:04,2025-11-08 6:15
1222711,1001367971,198,2025-11-10 0:00,0,NULL,0,0,0,USD,1,2025-11-11 6:32,2025-11-11 6:16
1222710,1001367911,272.12,2025-11-07 0:00,0,NULL,0,0,0,USD,1,2025-11-13 7:39,2025-11-13 6:15
1222709,9000001221,0,NULL,0,NULL,0,0,0,USD,0,2025-11-08 6:15,2025-11-08 6:15
1222708,9000001220,0,NULL,0,NULL,0,0,0,USD,0,2025-11-08 6:15,2025-11-08 6:15
1222707,1001367972,0,NULL,0,NULL,0,0,0,USD,1,2025-11-08 7:02,2025-11-08 6:15
1222706,9000001219,0,NULL,0,NULL,0,0,0,USD,0,2025-11-08 6:15,2025-11-08 6:15
1222705,9000001218,0,NULL,0,NULL,0,0,0,USD,0,2025-11-08 6:15,2025-11-08 6:15
1222704,1001367778,11996,2025-11-11 0:00,0,NULL,0,0,0,USD,1,2025-11-13 7:36,2025-11-13 6:16
1222703,1001367828,5389,2025-11-09 0:00,0,NULL,0,0,0,USD,1,2025-11-13 7:42,2025-11-13 6:16
1222702,1001367813,0,NULL,0,NULL,0,0,0,USD,1,2025-11-07 7:27,2025-11-07 6:16
1222701,1001367777,0,NULL,0,NULL,0,0,0,USD,1,2025-11-07 7:16,2025-11-07 6:16
1222700,1001367767,1182.09,2025-11-06 0:00,0,NULL,0,0,0,USD,1,2025-11-13 7:36,2025-11-13 6:16
1222699,1001367662,0,NULL,0,NULL,0,0,0,USD,1,2025-11-07 7:15,2025-11-07 6:16
1222698,1001367780,207.5,2025-10-27 0:00,0,NULL,0,0,0,USD,1,2025-11-13 7:42,2025-11-13 6:16
1222697,1001367742,0,NULL,0,NULL,0,0,0,USD,1,2025-11-07 7:16,2025-11-07 6:16
1222696,1001367763,516.09,2025-11-07 0:00,0,NULL,0,0,0,USD,1,2025-11-13 7:36,2025-11-13 6:16
1222695,1001367823,2508,2025-10-31 0:00,0,NULL,0,0,0,USD,1,2025-11-08 7:16,2025-11-08 6:16
1222694,1001367766,2047.24,2025-11-12 0:00,0,NULL,0,0,0,USD,1,2025-11-13 7:42,2025-11-13 6:16
1222693,1001367785,87.8,2025-11-06 0:00,0,NULL,0,0,0,USD,1,2025-11-13 7:36,2025-11-13 6:16
1222692,1001367807,10770.91,2025-11-11 0:00,0,NULL,0,0,0,USD,1,2025-11-13 7:05,2025-11-13 6:16
1222691,1001367832,2126.5,2025-11-07 0:00,0,NULL,0,0,0,USD,1,2025-11-13 7:05,2025-11-13 6:16
1222690,1001367821,0,NULL,0,NULL,0,0,0,USD,1,2025-11-07 7:16,2025-11-07 6:16
1222689,1001367775,0,NULL,0,NULL,0,0,0,USD,1,2025-11-07 7:16,2025-11-07 6:16
1222688,1001367771,0,NULL,0,NULL,0,0,0,USD,1,2025-11-07 7:16,2025-11-07 6:16
1222687,1001367764,144.91,2025-11-04 0:00,0,NULL,0,0,0,USD,1,2025-11-13 7:42,2025-11-13 6:16
1222686,1001367719,7827,2025-11-06 0:00,0,NULL,0,0,0,USD,1,2025-11-12 7:35,2025-11-12 6:15
1222685,1001367714,0,NULL,0,NULL,0,0,0,USD,1,2025-11-07 7:16,2025-11-07 6:16
1222684,1001367674,31179.34,2025-11-11 0:00,0,NULL,0,0,0,USD,1,2025-11-13 7:36,2025-11-13 6:16
1222683,1001367665,4009,2025-11-05 0:00,0,NULL,0,0,0,USD,1,2025-11-07 7:27,2025-11-07 6:16
1222682,1001367723,0,NULL,0,NULL,0,0,0,USD,1,2025-11-07 7:13,2025-11-07 6:16
1222681,1001367682,252,2025-11-05 0:00,0,NULL,0,0,0,USD,1,2025-11-13 7:04,2025-11-13 6:16
1222680,1001367672,849.45,2025-11-11 0:00,0,NULL,0,0,0,USD,1,2025-11-13 7:03,2025-11-13 6:16
1222679,1001367711,9253.27,2025-11-10 0:00,0,NULL,0,0,0,USD,1,2025-11-13 7:04,2025-11-13 6:16
1222678,1001367680,796.5,2025-11-05 0:00,0,NULL,0,0,0,USD,1,2025-11-11 6:58,2025-11-11 6:16
1222677,1001367757,223.07,2025-11-11 0:00,0,NULL,0,0,0,USD,1,2025-11-13 7:41,2025-11-13 6:16
1222676,1001367796,607.5,2025-11-06 0:00,0,NULL,0,0,0,USD,1,2025-11-11 6:56,2025-11-11 6:16
1222675,1001367739,8247.21,2025-11-11 0:00,0,NULL,0,0,0,USD,1,2025-11-13 7:05,2025-11-13 6:16
1222674,1001367668,68568.01,2025-11-07 0:00,0,NULL,0,0,0,USD,1,2025-11-13 7:38,2025-11-13 6:16
1222673,1001367693,0,NULL,0,NULL,0,0,0,USD,1,2025-11-07 7:05,2025-11-07 6:16
1222672,1001367722,0,NULL,0,NULL,0,0,0,USD,1,2025-11-07 7:11,2025-11-07 6:16
1222671,1001367705,770.93,2025-11-06 0:00,0,NULL,0,0,0,USD,1,2025-11-13 7:04,2025-11-13 6:16
1222670,1001367824,0,NULL,0,NULL,0,0,0,USD,1,2025-11-07 7:11,2025-11-07 6:16
1222669,1001367681,1323,2025-11-07 0:00,0,NULL,0,0,0,USD,1,2025-11-13 7:04,2025-11-13 6:16
1222668,1001367713,0,NULL,0,NULL,0,0,0,USD,1,2025-11-07 7:02,2025-11-07 6:16
1222667,1001367710,0,NULL,0,NULL,0,0,0,USD,1,2025-11-07 7:02,2025-11-07 6:16
1222666,1001367666,17327.05,2025-11-12 0:00,0,NULL,0,0,0,USD,1,2025-11-13 7:04,2025-11-13 6:16
1222665,1001367715,1953.73,2025-11-10 0:00,0,NULL,0,0,0,USD,1,2025-11-13 7:03,2025-11-13 6:16
1222664,1001367726,2753.21,2025-11-11 0:00,0,NULL,0,0,0,USD,1,2025-11-13 7:41,2025-11-13 6:16
1222663,1001367743,0,NULL,0,NULL,0,0,0,USD,1,2025-11-07 7:18,2025-11-07 6:16
1222662,1001367686,3186,2025-11-05 0:00,0,NULL,0,0,0,USD,1,2025-11-11 6:58,2025-11-11 6:16
1222661,1001367789,0,NULL,0,NULL,0,0,0,USD,1,2025-11-07 7:11,2025-11-07 6:16
1222660,1001367829,2826.07,2025-11-07 0:00,0,NULL,0,0,0,USD,1,2025-11-13 7:04,2025-11-13 6:16
1222659,1001367753,16460,2025-10-21 0:00,0,NULL,0,0,0,USD,1,2025-11-12 6:42,2025-11-12 6:15
1222658,1001367815,8007.3,2025-11-11 0:00,0,NULL,0,0,0,USD,1,2025-11-12 6:58,2025-11-12 6:15
1222657,1001367784,155653.5,2025-11-12 0:00,0,NULL,0,0,0,USD,1,2025-11-13 6:55,2025-11-13 6:16
1222656,1001367802,749.51,2025-11-07 0:00,0,NULL,0,0,0,USD,1,2025-11-13 7:36,2025-11-13 6:16
1222655,1001367788,374.76,2025-11-07 0:00,0,NULL,0,0,0,USD,1,2025-11-13 7:36,2025-11-13 6:16
1222654,1001367826,0,NULL,0,NULL,0,0,0,USD,1,2025-11-07 7:20,2025-11-07 6:16
1222653,1001367677,308,2025-11-06 0:00,0,NULL,0,0,0,USD,1,2025-11-08 6:58,2025-11-08 6:16
1222652,1001367816,0,NULL,0,NULL,0,0,0,USD,1,2025-11-07 7:09,2025-11-07 6:16
1222651,1001367697,0,NULL,0,NULL,0,0,0,USD,1,2025-11-07 7:04,2025-11-07 6:16
1222650,1001367795,948.97,2025-11-10 0:00,0,NULL,0,0,0,USD,1,2025-11-13 7:36,2025-11-13 6:16
1222649,1001367759,0,NULL,0,NULL,0,0,0,USD,1,2025-11-07 7:24,2025-11-07 6:16
1222648,1001367673,7953.75,2025-11-10 0:00,0,NULL,0,0,0,USD,1,2025-11-12 6:55,2025-11-12 6:15
1222647,1001367750,0,NULL,0,NULL,0,0,0,USD,1,2025-11-07 7:07,2025-11-07 6:16
1222646,1001367748,15844,2025-11-11 0:00,0,NULL,0,0,0,USD,1,2025-11-13 6:50,2025-11-13 6:16
1222645,1001367805,900,2025-11-07 0:00,0,NULL,0,0,0,USD,1,2025-11-12 6:55,2025-11-12 6:15
1222644,1001367765,6361.2,2025-11-06 0:00,0,NULL,0,0,0,USD,1,2025-11-12 6:41,2025-11-12 6:15
1222643,1001367819,14990,2025-11-10 0:00,0,NULL,0,0,0,USD,1,2025-11-13 6:58,2025-11-13 6:16
1222642,1001367751,5381,2025-11-11 0:00,0,NULL,0,0,0,USD,1,2025-11-13 6:58,2025-11-13 6:16
1222641,1001367696,23705.39,2025-11-12 0:00,0,NULL,0,0,0,USD,1,2025-11-13 6:58,2025-11-13 6:16
1222640,1001367749,0,NULL,0,NULL,0,0,0,USD,1,2025-11-07 6:44,2025-11-07 6:16
1222639,1001367797,0,NULL,0,NULL,0,0,0,USD,1,2025-11-07 6:49,2025-11-07 6:16
1222638,1001367792,0,NULL,0,NULL,0,0,0,USD,1,2025-11-07 6:49,2025-11-07 6:16
1222637,1001367761,331.93,2025-11-06 0:00,0,NULL,0,0,0,USD,1,2025-11-13 6:47,2025-11-13 6:16
1222636,1001367799,5174,2025-11-10 0:00,0,NULL,0,0,0,USD,1,2025-11-12 6:40,2025-11-12 6:15
1222635,1001367814,5089.5,2025-11-07 0:00,0,NULL,0,0,0,USD,1,2025-11-11 6:38,2025-11-11 6:16
1222634,1001367786,1008.72,2025-11-12 0:00,0,NULL,0,0,0,USD,1,2025-11-13 6:49,2025-11-13 6:15
1222633,1001367687,0,NULL,0,NULL,0,0,0,USD,1,2025-11-07 6:41,2025-11-07 6:16
1222632,1001367683,0,NULL,0,NULL,0,0,0,USD,1,2025-11-07 6:41,2025-11-07 6:16
1222631,1001367667,11927.17,2025-11-10 0:00,0,NULL,0,0,0,USD,1,2025-11-13 6:52,2025-11-13 6:16
1222630,1001367827,0,NULL,0,NULL,0,0,0,USD,1,2025-11-07 7:11,2025-11-07 6:16
1222629,1001367803,9257,2025-11-11 0:00,0,NULL,0,0,0,USD,1,2025-11-13 7:29,2025-11-13 6:16
1222628,1001367676,739,2025-11-07 0:00,0,NULL,0,0,0,USD,1,2025-11-11 6:37,2025-11-11 6:16
1222627,1001367769,180.38,2025-11-06 0:00,0,NULL,0,0,0,USD,1,2025-11-13 6:53,2025-11-13 6:16
1222626,1001367717,947.75,2025-11-07 0:00,0,NULL,0,0,0,USD,1,2025-11-12 6:53,2025-11-12 6:15
1222625,1001367709,0,NULL,0,NULL,0,0,0,USD,1,2025-11-07 7:08,2025-11-07 6:16
1222624,1001367699,8578.5,2025-11-11 0:00,0,NULL,0,0,0,USD,1,2025-11-13 7:38,2025-11-13 6:16
1222623,1001367684,427.05,2025-11-11 0:00,0,NULL,0,0,0,USD,1,2025-11-13 7:38,2025-11-13 6:16
1222622,1001367746,34550,2025-11-12 0:00,0,NULL,0,0,0,USD,1,2025-11-13 7:30,2025-11-13 6:16
1222621,1001367724,37368,2025-11-09 0:00,0,NULL,0,0,0,USD,1,2025-11-13 7:30,2025-11-13 6:16
1222620,1001367679,18735.5,2025-11-12 0:00,0,NULL,0,0,0,USD,1,2025-11-13 7:30,2025-11-13 6:16
1222619,1001367817,0,NULL,13105.26,45971,0,0,0,USD,1,2025-11-12 6:48,2025-11-12 6:15
1222618,1001367770,525,2025-11-07 0:00,0,NULL,0,0,0,USD,1,2025-11-11 6:34,2025-11-11 6:16
1222617,1001367818,282,2025-11-05 0:00,0,NULL,0,0,0,USD,1,2025-11-12 7:00,2025-11-12 6:15
1222616,1001367732,0,NULL,0,NULL,0,0,0,USD,1,2025-11-07 6:37,2025-11-07 6:16
1222615,1001367727,0,NULL,0,NULL,0,0,0,USD,1,2025-11-07 6:37,2025-11-07 6:16
1222614,1001367698,0,NULL,0,NULL,0,0,0,USD,1,2025-11-07 6:37,2025-11-07 6:16
1222613,1001367822,0,NULL,0,NULL,0,0,0,USD,1,2025-11-07 6:37,2025-11-07 6:16
1222612,1001367782,0,NULL,0,NULL,0,0,0,USD,1,2025-11-07 6:39,2025-11-07 6:16
1222611,1001367773,0,NULL,0,NULL,0,0,0,USD,1,2025-11-07 6:46,2025-11-07 6:16
1222610,1001367738,1948.5,2025-11-07 0:00,0,NULL,0,0,0,USD,1,2025-11-12 6:48,2025-11-12 6:15
1222609,1001367731,0,NULL,0,NULL,0,0,0,USD,1,2025-11-07 6:37,2025-11-07 6:16
1222608,1001367729,0,NULL,0,NULL,0,0,0,USD,1,2025-11-07 6:37,2025-11-07 6:16
1222607,1001367725,0,NULL,0,NULL,0,0,0,USD,1,2025-11-07 6:37,2025-11-07 6:16
1222606,1001367685,150,2025-11-11 0:00,0,NULL,0,0,0,USD,1,2025-11-13 7:37,2025-11-13 6:16
1222605,1001367820,2781,2025-11-07 0:00,0,NULL,0,0,0,USD,1,2025-11-12 6:52,2025-11-12 6:15
1222604,1001367758,5420,2025-11-07 0:00,0,NULL,0,0,0,USD,1,2025-11-08 7:21,2025-11-08 6:16
1222603,1001367747,0,NULL,0,NULL,0,0,0,USD,1,2025-11-07 6:39,2025-11-07 6:16
1222602,1001367688,37397.6,2025-11-08 0:00,0,NULL,0,0,0,USD,1,2025-11-13 7:37,2025-11-13 6:16
1222601,1001367787,0,NULL,0,NULL,0,0,0,USD,1,2025-11-07 6:36,2025-11-07 6:16
1222600,1001367752,111,2025-11-06 0:00,0,NULL,0,0,0,USD,1,2025-11-08 7:22,2025-11-08 6:16
1222599,1001367703,10050,2025-11-10 0:00,0,NULL,0,0,0,USD,1,2025-11-13 7:37,2025-11-13 6:16
1222598,1001367704,1380,2025-11-11 0:00,0,NULL,0,0,0,USD,1,2025-11-12 6:48,2025-11-12 6:15
1222597,1001367774,0,NULL,0,NULL,0,0,0,USD,1,2025-11-07 6:46,2025-11-07 6:16
1222596,1001367801,3780,2025-10-31 0:00,0,NULL,0,0,0,USD,1,2025-11-13 7:37,2025-11-13 6:16
1222595,1001367804,7434,2025-11-06 0:00,0,NULL,0,0,0,USD,1,2025-11-12 6:52,2025-11-12 6:15
1222594,1001367745,0,NULL,0,NULL,0,0,0,USD,1,2025-11-07 6:46,2025-11-07 6:16
1222593,1001367695,3276.5,2025-10-23 0:00,0,NULL,0,0,0,USD,1,2025-11-07 7:06,2025-11-07 6:16
1222592,1001367664,20373.81,2025-11-06 0:00,0,NULL,4969,0,0,USD,1,2025-11-13 7:18,2025-11-13 6:16
1222591,1001367736,4836.84,2025-11-05 0:00,0,NULL,0,0,0,USD,1,2025-11-13 6:47,2025-11-13 6:16
1222590,1001367740,0,NULL,0,NULL,0,0,0,USD,1,2025-11-07 7:14,2025-11-07 6:16
1222589,1001367716,134.91,2025-11-12 0:00,0,NULL,0,0,0,USD,1,2025-11-13 6:45,2025-11-13 6:16
1222588,1001367733,0,NULL,0,NULL,0,0,0,USD,1,2025-11-07 6:53,2025-11-07 6:16
1222587,1001367798,0,NULL,0,NULL,0,0,0,USD,1,2025-11-07 7:12,2025-11-07 6:16
1222586,1001367783,18980.5,2025-11-04 0:00,0,NULL,0,0,0,USD,1,2025-11-12 6:51,2025-11-12 6:15
1222585,1001367708,0,NULL,0,NULL,0,0,0,USD,1,2025-11-07 7:12,2025-11-07 6:16
1222584,1001367737,26914.24,2025-11-06 0:00,0,NULL,0,0,0,USD,1,2025-11-13 7:01,2025-11-13 6:15
1222583,1001367741,3618.01,2025-11-07 0:00,0,NULL,0,0,0,USD,1,2025-11-13 6:46,2025-11-13 6:16
1222582,1001367794,0,NULL,0,NULL,0,0,0,USD,1,2025-11-07 7:12,2025-11-07 6:16
1222581,1001367791,0,NULL,0,NULL,0,0,0,USD,1,2025-11-07 7:12,2025-11-07 6:16
1222580,1001367754,0,NULL,0,NULL,0,0,0,USD,1,2025-11-07 7:12,2025-11-07 6:16
1222579,1001367669,0,NULL,0,NULL,0,0,0,USD,1,2025-11-07 6:36,2025-11-07 6:16
1222578,1001367678,5790.97,2025-11-10 0:00,0,NULL,0,0,0,USD,1,2025-11-13 6:36,2025-11-13 6:15
1222577,1001367675,27619.77,2025-11-11 0:00,0,NULL,0,0,0,USD,1,2025-11-13 6:37,2025-11-13 6:15
1222576,1001367793,8157.26,2025-11-28 0:00,0,NULL,0,0,0,USD,1,2025-11-13 6:36,2025-11-13 6:15
1222575,1001367744,0,NULL,0,NULL,0,0,0,USD,1,2025-11-07 6:34,2025-11-07 6:16
1222574,1001367831,4438.43,2025-11-10 0:00,0,NULL,0,0,0,USD,1,2025-11-13 6:35,2025-11-13 6:15
1222573,1001367670,0,NULL,0,NULL,0,0,0,USD,1,2025-11-07 6:42,2025-11-07 6:16
1222572,1001367663,0,NULL,0,NULL,0,0,0,USD,1,2025-11-07 6:38,2025-11-07 6:16
1222571,1001367689,0,NULL,0,NULL,0,0,0,USD,1,2025-11-07 6:59,2025-11-07 6:16
1222570,1001367692,8928.74,2025-11-11 0:00,0,NULL,0,0,0,USD,1,2025-11-13 6:33,2025-11-13 6:15
1222569,1001367830,851.71,2025-11-12 0:00,0,NULL,0,0,0,USD,1,2025-11-13 6:32,2025-11-13 6:15
1222568,1001367702,17134.14,2025-11-11 0:00,0,NULL,0,0,0,USD,1,2025-11-13 6:34,2025-11-13 6:15
1222567,1001367700,29737.9,2025-11-07 0:00,0,NULL,0,0,0,USD,1,2025-11-13 6:30,2025-11-13 6:15
1222566,1001367671,35596.82,2025-11-12 0:00,0,NULL,0,0,0,USD,1,2025-11-13 6:33,2025-11-13 6:15
1222565,1001367661,1901.55,2025-10-22 0:00,0,NULL,0,0,0,USD,1,2025-11-13 6:34,2025-11-13 6:15
1222564,1001367694,0,NULL,5350,45968,0,0,0,USD,1,2025-11-07 6:32,2025-11-07 6:16
1222563,1001367734,0,NULL,0,NULL,0,0,0,USD,1,2025-11-07 6:33,2025-11-07 6:16
1222562,1001367781,0,NULL,0,NULL,0,0,0,USD,1,2025-11-07 6:31,2025-11-07 6:16
1222561,1001367811,1429.3,2025-10-24 0:00,0,NULL,0,0,0,USD,1,2025-11-13 6:31,2025-11-13 6:15
1222560,1001367720,763.43,2025-11-07 0:00,0,NULL,0,0,0,USD,1,2025-11-13 6:42,2025-11-13 6:15
1222559,1001367718,0,NULL,0,NULL,0,0,0,USD,1,2025-11-07 7:02,2025-11-07 6:16
1222558,1001367812,0,NULL,0,NULL,0,0,0,USD,1,2025-11-07 6:47,2025-11-07 6:16
1222557,1001367790,0,NULL,0,NULL,0,0,0,USD,1,2025-11-07 6:47,2025-11-07 6:16
1222556,1001367768,5259.44,2025-11-07 0:00,0,NULL,0,0,0,USD,1,2025-11-13 6:41,2025-11-13 6:15
1222555,1001367730,0,NULL,0,NULL,0,0,0,USD,1,2025-11-07 6:47,2025-11-07 6:16
1222554,1001367825,0,NULL,0,NULL,0,0,0,USD,1,2025-11-07 6:47,2025-11-07 6:16
1222553,1001367776,0,NULL,0,NULL,0,0,0,USD,1,2025-11-07 6:47,2025-11-07 6:16
1222552,1001367707,1341.57,2025-11-10 0:00,0,NULL,0,0,0,USD,1,2025-11-13 6:40,2025-11-13 6:15
1222551,1001367760,0,NULL,0,NULL,0,0,0,USD,1,2025-11-07 7:22,2025-11-07 6:16
1222550,1001367712,0,NULL,0,NULL,0,0,0,USD,1,2025-11-07 7:22,2025-11-07 6:16
1222549,1001367806,0,NULL,0,NULL,0,0,0,USD,1,2025-11-07 7:02,2025-11-07 6:16
1222548,1001367779,0,NULL,0,NULL,0,0,0,USD,1,2025-11-07 6:46,2025-11-07 6:16
1222547,1001367701,2539.96,2025-11-11 0:00,0,NULL,0,0,0,USD,1,2025-11-13 6:42,2025-11-13 6:15
1222546,1001367772,0,NULL,0,NULL,0,0,0,USD,1,2025-11-07 6:48,2025-11-07 6:15
1222545,1001367810,0,NULL,0,NULL,0,0,0,USD,1,2025-11-07 7:21,2025-11-07 6:15
1222544,1001367690,370.18,2025-11-06 0:00,0,NULL,0,0,0,USD,1,2025-11-13 7:05,2025-11-13 6:15
1222543,1001367706,0,NULL,0,NULL,0,0,0,USD,1,2025-11-07 7:21,2025-11-07 6:15
1222542,1001367809,2237.83,2025-11-07 0:00,0,NULL,0,0,0,USD,1,2025-11-13 7:00,2025-11-13 6:15
1222541,1001367800,0,NULL,0,NULL,0,0,0,USD,1,2025-11-12 7:34,2025-11-12 6:15
1222540,1001367808,73.52,2025-11-11 0:00,0,NULL,0,0,0,USD,1,2025-11-13 6:57,2025-11-13 6:15
1222539,1001367721,512.58,2025-11-07 0:00,0,NULL,0,0,0,USD,1,2025-11-13 6:59,2025-11-13 6:15
1222538,1001367691,546.94,2025-11-07 0:00,0,NULL,0,0,0,USD,1,2025-11-13 7:40,2025-11-13 6:15
1222537,1001367756,0,NULL,0,NULL,0,0,0,USD,1,2025-11-07 7:06,2025-11-07 6:15
1222536,1001367755,0,NULL,0,NULL,0,0,0,USD,1,2025-11-07 7:06,2025-11-07 6:15
1222535,1001367728,0,NULL,0,NULL,0,0,0,USD,1,2025-11-07 6:55,2025-11-07 6:15
1222534,1001367762,44.97,2025-11-06 0:00,0,NULL,0,0,0,USD,1,2025-11-13 6:58,2025-11-13 6:15
1222533,1001367735,535.37,2025-11-10 0:00,0,NULL,0,0,0,USD,1,2025-11-13 6:58,2025-11-13 6:15
1222532,1001367647,0,NULL,0,NULL,0,0,0,USD,1,2025-11-06 7:09,2025-11-06 6:16
1222531,1001367643,3397.79,2025-11-06 0:00,0,NULL,0,0,0,USD,1,2025-11-13 7:36,2025-11-13 6:16
1222530,1001367633,69.24,2025-11-04 0:00,0,NULL,0,0,0,USD,1,2025-11-13 7:42,2025-11-13 6:16
1222529,1001367617,4482.76,2025-11-06 0:00,0,NULL,0,0,0,USD,1,2025-11-13 7:42,2025-11-13 6:16
1222528,1001367612,3585.17,2025-11-06 0:00,0,NULL,0,0,0,USD,1,2025-11-13 7:42,2025-11-13 6:16
1222527,1001367587,73402,2025-11-11 0:00,0,NULL,0,0,0,USD,1,2025-11-13 7:36,2025-11-13 6:16
1222526,1001367645,0,NULL,0,NULL,0,0,0,USD,1,2025-11-06 7:09,2025-11-06 6:16
1222525,1001367611,584.62,2025-11-07 0:00,0,NULL,0,0,0,USD,1,2025-11-13 7:36,2025-11-13 6:16
1222524,1001367608,3786.83,2025-10-27 0:00,0,NULL,0,0,0,USD,1,2025-11-13 7:03,2025-11-13 6:16
1222523,1001367660,3516,2025-11-12 0:00,0,NULL,0,0,0,USD,1,2025-11-13 7:04,2025-11-13 6:16
1222522,1001367659,12176,2025-11-07 0:00,0,NULL,0,0,0,USD,1,2025-11-12 7:02,2025-11-12 6:15
1222521,1001367648,3928,2025-11-07 0:00,0,NULL,0,0,0,USD,1,2025-11-11 6:57,2025-11-11 6:16
1222520,1001367630,0,NULL,0,NULL,0,0,0,USD,1,2025-11-06 7:05,2025-11-06 6:16
1222519,1001367639,0,NULL,0,NULL,0,0,0,USD,1,2025-11-06 7:05,2025-11-06 6:16
1222518,1001367626,0,NULL,0,NULL,0,0,0,USD,1,2025-11-06 7:05,2025-11-06 6:16
1222517,1001367651,14178,2025-11-10 0:00,0,NULL,0,0,0,USD,1,2025-11-12 6:45,2025-11-12 6:15
1222516,1001367614,3932.44,2025-11-10 0:00,0,NULL,0,0,0,USD,1,2025-11-13 6:37,2025-11-13 6:16
1222515,1001367625,0,NULL,0,NULL,0,0,0,USD,1,2025-11-06 7:04,2025-11-06 6:16
1222514,1001367588,7706.37,2025-11-07 0:00,0,NULL,0,0,0,USD,1,2025-11-13 6:58,2025-11-13 6:16
1222513,1001367597,0,NULL,0,NULL,0,0,0,USD,1,2025-11-06 7:03,2025-11-06 6:16
1222512,1001367603,209.01,2025-11-05 0:00,0,NULL,0,0,0,USD,1,2025-11-13 6:56,2025-11-13 6:16
1222511,1001367635,0,NULL,0,NULL,0,0,0,USD,1,2025-11-06 7:03,2025-11-06 6:16
1222510,1001367594,7959.32,2025-11-10 0:00,0,NULL,0,0,0,USD,1,2025-11-13 6:58,2025-11-13 6:16
1222509,1001367655,0,NULL,0,NULL,0,0,0,USD,1,2025-11-06 7:03,2025-11-06 6:16
1222508,1001367610,0,NULL,0,NULL,0,0,0,USD,1,2025-11-06 7:02,2025-11-06 6:16
1222507,1001367634,1359.12,2025-11-06 0:00,0,NULL,0,0,0,USD,1,2025-11-13 6:54,2025-11-13 6:16
1222506,1001367589,0,NULL,0,NULL,0,0,0,USD,1,2025-11-06 7:02,2025-11-06 6:16
1222505,1001367586,0,NULL,0,NULL,0,0,0,USD,1,2025-11-06 7:02,2025-11-06 6:16
1222504,1001367606,4696.04,2025-11-05 0:00,0,NULL,0,0,0,USD,1,2025-11-07 6:54,2025-11-07 6:16
1222503,1001367607,4478.87,2025-11-11 0:00,0,NULL,0,0,0,USD,1,2025-11-13 6:53,2025-11-13 6:16
1222502,1001367649,0,NULL,0,NULL,0,0,0,USD,1,2025-11-06 7:02,2025-11-06 6:16
1222501,1001367650,0,NULL,0,NULL,0,0,0,USD,1,2025-11-06 6:54,2025-11-06 6:16
1222500,1001367642,0,NULL,0,NULL,0,0,0,USD,1,2025-11-06 6:54,2025-11-06 6:16
1222499,1001367638,0,NULL,0,NULL,0,0,0,USD,1,2025-11-06 6:55,2025-11-06 6:16
1222498,1001367652,0,NULL,0,NULL,0,0,0,USD,1,2025-11-06 6:54,2025-11-06 6:16
1222497,1001367593,5244.19,2025-11-05 0:00,0,NULL,0,0,0,USD,1,2025-11-11 6:35,2025-11-11 6:16
1222496,1001367592,220,2025-11-05 0:00,0,NULL,0,0,0,USD,1,2025-11-07 6:37,2025-11-07 6:16
1222495,1001367602,0,NULL,0,NULL,0,0,0,USD,1,2025-11-06 6:54,2025-11-06 6:16
1222494,1001367653,1875,2025-11-05 0:00,0,NULL,0,0,0,USD,1,2025-11-13 7:28,2025-11-13 6:16
1222493,1001367623,0,NULL,0,NULL,0,0,0,USD,1,2025-11-06 6:54,2025-11-06 6:16
1222492,1001367622,2821,2025-11-10 0:00,0,NULL,0,0,0,USD,1,2025-11-12 6:52,2025-11-12 6:15
1222491,1001367620,0,NULL,0,NULL,0,0,0,USD,1,2025-11-06 6:54,2025-11-06 6:16
1222490,1001367609,0,NULL,0,NULL,0,0,0,USD,1,2025-11-06 7:01,2025-11-06 6:16
1222489,1001367646,53205.4,2025-11-12 0:00,0,NULL,0,0,0,USD,1,2025-11-13 7:38,2025-11-13 6:16
1222488,1001367641,0,NULL,0,NULL,0,0,0,USD,1,2025-11-06 6:54,2025-11-06 6:16
1222487,1001367654,10551.77,2025-11-06 0:00,0,NULL,0,0,0,USD,1,2025-11-12 7:01,2025-11-12 6:15
1222486,1001367590,0,NULL,12147.75,45973,0,0,0,USD,1,2025-11-13 7:19,2025-11-13 6:16
1222485,1001367656,0,NULL,0,NULL,0,0,0,USD,1,2025-11-06 6:54,2025-11-06 6:16
1222484,1001367621,0,NULL,0,NULL,0,0,0,USD,1,2025-11-06 6:54,2025-11-06 6:16
1222483,1001367601,2956,2025-11-07 0:00,0,NULL,0,0,0,USD,1,2025-11-11 6:34,2025-11-11 6:16
1222482,1001367632,0,NULL,0,NULL,0,0,0,USD,1,2025-11-06 6:56,2025-11-06 6:16
1222481,1001367658,0,NULL,0,NULL,0,0,0,USD,1,2025-11-06 6:56,2025-11-06 6:16
1222480,1001367657,0,NULL,0,NULL,0,0,0,USD,1,2025-11-06 6:56,2025-11-06 6:16
1222479,1001367598,3848.55,2025-11-11 0:00,0,NULL,0,0,0,USD,1,2025-11-13 6:36,2025-11-13 6:15
1222478,1001367615,0,NULL,0,NULL,0,0,0,USD,1,2025-11-06 6:55,2025-11-06 6:15
1222477,1001367600,0,NULL,0,NULL,0,0,0,USD,1,2025-11-06 6:55,2025-11-06 6:15
1222476,1001367599,1716.22,2025-11-06 0:00,0,NULL,0,0,0,USD,1,2025-11-08 6:32,2025-11-08 6:15
1222475,1001367616,185.81,2025-11-10 0:00,0,NULL,0,0,0,USD,1,2025-11-13 6:43,2025-11-13 6:15
1222474,1001367644,0,NULL,0,NULL,0,0,0,USD,1,2025-11-06 6:54,2025-11-06 6:15
1222473,1001367637,22035.68,2025-10-30 0:00,0,NULL,0,0,0,USD,1,2025-11-13 6:38,2025-11-13 6:15
1222472,1001367624,1166.03,2025-11-06 0:00,0,NULL,0,0,0,USD,1,2025-11-13 6:39,2025-11-13 6:15
1222471,1001367605,1536.86,2025-11-06 0:00,0,NULL,0,0,0,USD,1,2025-11-13 6:39,2025-11-13 6:15
1222470,1001367604,119.92,2025-11-06 0:00,0,NULL,0,0,0,USD,1,2025-11-13 7:05,2025-11-13 6:15
1222469,1001367619,4578.1,2025-11-08 0:00,0,NULL,0,0,0,USD,1,2025-11-13 6:38,2025-11-13 6:15
1222468,1001367591,415.8,2025-11-06 0:00,0,NULL,0,0,0,USD,1,2025-11-13 6:38,2025-11-13 6:15
1222467,1001367627,0,NULL,2029.53,45973,0,0,0,USD,1,2025-11-13 6:56,2025-11-12 16:00
1222466,1001367636,0,NULL,2029.53,45973,0,0,0,USD,1,2025-11-13 6:56,2025-11-12 16:00
1222465,1001367628,0,NULL,0,NULL,0,0,0,USD,1,2025-11-12 6:49,2025-11-12 6:15
1222464,1001367629,0,NULL,0,NULL,0,0,0,USD,1,2025-11-06 6:53,2025-11-06 6:15
1222463,1001367613,0,NULL,0,NULL,0,0,0,USD,1,2025-11-06 6:53,2025-11-06 6:15
1222462,1001367595,0,NULL,0,NULL,0,0,0,USD,1,2025-11-06 6:53,2025-11-06 6:15
1222461,1001367631,274.82,2025-11-07 0:00,0,NULL,0,0,0,USD,1,2025-11-13 6:57,2025-11-13 6:15
1222460,1001367596,0,NULL,0,NULL,0,0,0,USD,1,2025-11-06 6:53,2025-11-06 6:15
1222459,1001367640,0,NULL,0,NULL,0,0,0,USD,1,2025-11-06 6:52,2025-11-06 6:15
1222458,1001367618,371.19,2025-11-05 0:00,0,NULL,0,0,0,USD,1,2025-11-13 7:39,2025-11-13 6:15
1222457,1001367582,47.11,2025-10-30 0:00,0,NULL,0,0,0,USD,1,2025-11-13 7:36,2025-11-13 6:16
1222456,1001367573,227.5,2025-11-11 0:00,0,NULL,0,0,0,USD,1,2025-11-13 7:36,2025-11-13 6:16
1222455,1001367563,14322.75,2025-10-13 0:00,0,NULL,0,0,0,USD,1,2025-11-13 7:36,2025-11-13 6:16
1222454,1001367578,0,NULL,0,NULL,0,0,0,USD,1,2025-11-06 7:08,2025-11-05 16:45
1222453,1001367532,0,NULL,0,NULL,0,0,0,USD,1,2025-11-06 7:07,2025-11-05 16:45
1222452,1001367542,1803.11,2025-11-07 0:00,0,NULL,0,0,0,USD,1,2025-11-13 7:03,2025-11-13 6:16
1222451,1001367567,674.56,2025-11-05 0:00,0,NULL,0,0,0,USD,1,2025-11-13 6:54,2025-11-13 6:16
1222450,1001367553,0,NULL,0,NULL,0,0,0,USD,1,2025-11-06 7:04,2025-11-05 16:45
1222449,1001367555,0,NULL,0,NULL,0,0,0,USD,1,2025-11-06 7:09,2025-11-05 16:45
1222448,1001367539,17998,2025-11-10 0:00,0,NULL,0,0,0,USD,1,2025-11-12 6:46,2025-11-12 6:15
1222447,1001367524,6041.78,2025-10-10 0:00,0,NULL,0,0,0,USD,1,2025-11-13 7:36,2025-11-13 6:16
1222446,1001367585,0,NULL,0,NULL,0,0,0,USD,1,2025-11-06 7:09,2025-11-05 16:45
1222445,1001367571,374.76,2025-11-10 0:00,0,NULL,0,0,0,USD,1,2025-11-13 7:41,2025-11-13 6:16
1222444,1001367583,8006.06,2025-09-02 0:00,0,NULL,0,0,0,USD,1,2025-11-13 7:31,2025-11-13 6:16
1222443,1001367568,0,NULL,0,NULL,0,0,0,USD,1,2025-11-06 7:03,2025-11-05 16:45
1222442,1001367560,0,NULL,0,NULL,0,0,0,USD,1,2025-11-06 7:02,2025-11-05 16:45
1222441,1001367530,0,NULL,0,NULL,0,0,0,USD,1,2025-11-06 7:02,2025-11-05 16:45
1222440,1001367533,0,NULL,0,NULL,0,0,0,USD,1,2025-11-06 6:56,2025-11-05 16:45
1222439,1001367520,3158,2025-11-11 0:00,0,NULL,0,0,0,USD,1,2025-11-13 6:59,2025-11-13 6:15
1222438,1001367562,11440.13,2025-11-07 0:00,0,NULL,0,0,0,USD,1,2025-11-13 6:35,2025-11-13 6:15
1222437,1001367523,0,NULL,0,NULL,0,0,0,USD,1,2025-11-06 6:55,2025-11-05 16:45
1222436,1001367522,11627.25,2025-11-07 0:00,0,NULL,0,0,0,USD,1,2025-11-13 6:33,2025-11-13 6:15
1222435,1001367580,0,NULL,0,NULL,0,0,0,USD,1,2025-11-06 6:55,2025-11-05 16:45
1222434,1001367549,4936.79,2025-11-12 0:00,0,NULL,0,0,0,USD,1,2025-11-13 7:05,2025-11-13 6:16
1222433,1001367545,212.36,2025-11-06 0:00,0,NULL,0,0,0,USD,1,2025-11-13 7:03,2025-11-13 6:16
1222432,1001367534,21779.44,2025-11-11 0:00,0,NULL,0,0,0,USD,1,2025-11-13 7:04,2025-11-13 6:16
1222431,1001367544,29081.05,2025-11-07 0:00,0,NULL,0,0,0,USD,1,2025-11-12 6:57,2025-11-12 6:15
1222430,1001367566,28573.14,2025-11-05 0:00,0,NULL,0,0,0,USD,1,2025-11-13 7:34,2025-11-13 6:16
1222429,1001367574,1110.49,2025-11-07 0:00,0,NULL,0,0,0,USD,1,2025-11-13 7:32,2025-11-13 6:16
1222428,1001367569,984.66,2025-11-07 0:00,0,NULL,0,0,0,USD,1,2025-11-13 7:32,2025-11-13 6:16
1222427,1001367521,3846.01,2025-11-04 0:00,0,NULL,0,0,0,USD,1,2025-11-06 7:03,2025-11-06 6:16
1222426,1001367526,8332.57,2025-11-11 0:00,0,NULL,0,0,0,USD,1,2025-11-13 6:44,2025-11-13 6:16
1222425,1001367525,3649.89,2025-11-12 0:00,0,NULL,0,0,0,USD,1,2025-11-13 6:44,2025-11-13 6:16
1222424,1001367564,12051.32,2025-11-12 0:00,0,NULL,0,0,0,USD,1,2025-11-13 7:09,2025-11-13 6:16
1222423,1001367535,0,NULL,0,NULL,0,0,0,USD,1,2025-11-06 6:56,2025-11-05 16:45
1222422,1001367541,0,NULL,0,NULL,0,0,0,USD,1,2025-11-06 6:56,2025-11-05 16:45
1222421,1001367531,1083.35,2025-10-24 0:00,0,NULL,0,0,0,USD,1,2025-11-13 6:37,2025-11-13 6:16
1222420,1001367584,0,NULL,0,NULL,0,0,0,USD,1,2025-11-06 6:56,2025-11-05 16:45
1222419,1001367559,5100.12,2025-11-11 0:00,0,NULL,0,0,0,USD,1,2025-11-12 6:50,2025-11-12 6:15
1222418,1001367538,0,NULL,0,NULL,0,0,0,USD,1,2025-11-06 7:01,2025-11-05 16:45
1222417,1001367537,0,NULL,0,NULL,0,0,0,USD,1,2025-11-06 7:01,2025-11-05 16:45
1222416,1001367557,0,NULL,0,NULL,0,0,0,USD,1,2025-11-06 7:01,2025-11-05 16:45
1222415,1001367548,2249,2025-11-05 0:00,0,NULL,0,0,0,USD,1,2025-11-11 6:34,2025-11-11 6:16
1222414,1001367528,0,NULL,6609.56,45973,0,0,0,USD,1,2025-11-13 6:45,2025-11-13 6:16
1222413,1001367527,0,NULL,6668.59,45973,0,0,0,USD,1,2025-11-13 6:45,2025-11-13 6:16
1222412,1001367543,128828.7,2025-11-12 0:00,0,NULL,11948783.41,0,0,USD,1,2025-11-13 7:10,2025-11-13 6:16
1222411,1001367558,913.28,2025-11-06 0:00,0,NULL,0,0,0,USD,1,2025-11-13 6:41,2025-11-13 6:15
1222410,1001367552,2014.05,2025-11-06 0:00,0,NULL,0,0,0,USD,1,2025-11-13 6:40,2025-11-13 6:15
1222409,1001367570,13832.04,2025-11-11 0:00,0,NULL,0,0,0,USD,1,2025-11-13 6:38,2025-11-13 6:15
1222408,1001367572,124.2,2025-11-10 0:00,0,NULL,0,0,0,USD,1,2025-11-13 7:09,2025-11-13 6:15
1222407,1001367540,0,NULL,0,NULL,6975.65,0,0,USD,1,2025-11-12 7:34,2025-11-12 6:15
1222406,1001367577,0,NULL,0,NULL,0,0,0,USD,1,2025-11-06 6:53,2025-11-05 16:45
1222405,1001367547,2343.48,2025-11-10 0:00,0,NULL,0,0,0,USD,1,2025-11-13 7:08,2025-11-13 6:15
1222404,1001367550,1094.65,2025-11-07 0:00,0,NULL,0,0,0,USD,1,2025-11-13 7:07,2025-11-13 6:15
1222403,1001367529,20235.4,2025-10-31 0:00,0,NULL,0,0,0,USD,1,2025-11-13 6:51,2025-11-13 6:16
1222402,1001367536,0,NULL,0,NULL,0,0,0,USD,1,2025-11-06 7:01,2025-11-05 16:45
1222401,1001367565,0,NULL,0,NULL,0,0,0,USD,1,2025-11-06 7:01,2025-11-05 16:45
1222400,1001367576,0,NULL,0,NULL,0,0,0,USD,1,2025-11-06 6:54,2025-11-05 16:45
1222399,1001367581,2168.78,2025-11-07 0:00,0,NULL,0,0,0,USD,1,2025-11-13 6:42,2025-11-13 6:15
1222398,1001367561,3678.56,2025-11-05 0:00,0,NULL,0,0,0,USD,1,2025-11-13 6:41,2025-11-13 6:15
1222397,1001367546,7502.62,2025-11-11 0:00,0,NULL,0,0,0,USD,1,2025-11-13 6:42,2025-11-13 6:15
1222396,1001367556,0,NULL,0,NULL,0,0,0,USD,1,2025-11-06 6:54,2025-11-05 16:45
1222395,1001367579,394.74,2025-11-10 0:00,0,NULL,17830.52,0,0,USD,1,2025-11-13 6:40,2025-11-13 6:15
1222394,1001367575,1804.54,2025-11-04 0:00,0,NULL,0,0,0,USD,1,2025-11-13 6:40,2025-11-13 6:15
1222393,1001367551,0,NULL,0,NULL,0,0,0,USD,1,2025-11-06 6:53,2025-11-05 16:45
1222392,1001367554,1413.72,2025-11-04 0:00,0,NULL,0,0,0,USD,1,2025-11-13 7:09,2025-11-13 6:15
1222391,1001367513,0,NULL,0,NULL,0,0,0,USD,1,2025-11-05 7:32,2025-11-05 6:16
1222390,1001367512,0,NULL,0,NULL,0,0,0,USD,1,2025-11-05 7:32,2025-11-05 6:16
1222389,1001367510,0,NULL,0,NULL,0,0,0,USD,1,2025-11-05 7:32,2025-11-05 6:16
1222388,1001367508,0,NULL,0,NULL,0,0,0,USD,1,2025-11-05 7:32,2025-11-05 6:16
1222387,1001367507,0,NULL,0,NULL,0,0,0,USD,1,2025-11-05 7:32,2025-11-05 6:16
1222386,1001367511,0,NULL,0,NULL,0,0,0,USD,1,2025-11-05 7:32,2025-11-05 6:16
1222385,1001367509,0,NULL,0,NULL,0,0,0,USD,1,2025-11-05 7:32,2025-11-05 6:16
1222384,1001367506,0,NULL,0,NULL,0,0,0,USD,1,2025-11-05 7:32,2025-11-05 6:16
1222383,1001367505,0,NULL,0,NULL,0,0,0,USD,1,2025-11-05 7:32,2025-11-05 6:16
1222382,1001367496,0,NULL,0,NULL,0,0,0,USD,1,2025-11-05 7:30,2025-11-05 6:16
1222381,1001367495,25830,2025-11-04 0:00,0,NULL,0,0,0,USD,1,2025-11-11 6:34,2025-11-11 6:16
1222380,1001367503,2415,2025-11-06 0:00,0,NULL,0,0,0,USD,1,2025-11-08 6:50,2025-11-08 6:16
1222379,1001367517,0,NULL,0,NULL,0,0,0,USD,1,2025-11-05 7:28,2025-11-05 6:16
1222378,1001367518,0,NULL,0,NULL,0,0,0,USD,1,2025-11-05 7:28,2025-11-05 6:16
1222377,1001367515,45935.21,2025-11-07 0:00,0,NULL,0,0,0,USD,1,2025-11-13 6:47,2025-11-13 6:15
1222376,1001367519,0,NULL,0,NULL,0,0,0,USD,1,2025-11-05 7:28,2025-11-05 6:16
1222375,1001367516,0,NULL,0,NULL,0,0,0,USD,1,2025-11-05 7:28,2025-11-05 6:16
1222374,1001367500,0,NULL,0,NULL,0,0,0,USD,1,2025-11-05 7:28,2025-11-05 6:16
1222373,1001367498,0,NULL,0,NULL,0,0,0,USD,1,2025-11-05 7:27,2025-11-05 6:16
1222372,1001367497,0,NULL,0,NULL,0,0,0,USD,1,2025-11-05 7:27,2025-11-05 6:16
1222371,1001367501,0,NULL,0,NULL,0,0,0,USD,1,2025-11-05 7:28,2025-11-05 6:16
1222370,1001367504,0,NULL,0,NULL,0,0,0,USD,1,2025-11-05 7:27,2025-11-05 6:16
1222369,1001367502,0,NULL,0,NULL,0,0,0,USD,1,2025-11-05 7:27,2025-11-05 6:15
1222368,1001367499,0,NULL,0,NULL,0,0,0,USD,1,2025-11-05 7:27,2025-11-05 6:15
1222367,1001367514,1259.18,2025-11-11 0:00,0,NULL,0,0,0,USD,1,2025-11-13 6:58,2025-11-13 6:15
1222366,1001367476,0,NULL,0,NULL,0,0,0,USD,1,2025-11-05 7:34,2025-11-04 21:00
1222365,1001367475,0,NULL,0,NULL,0,0,0,USD,1,2025-11-05 7:34,2025-11-04 21:00
1222364,1001367471,0,NULL,0,NULL,0,0,0,USD,1,2025-11-05 7:34,2025-11-04 21:00
1222363,1001367465,0,NULL,0,NULL,0,0,0,USD,1,2025-11-05 7:34,2025-11-04 21:00
1222362,1001367486,0,NULL,0,NULL,0,0,0,USD,1,2025-11-05 7:30,2025-11-04 21:00
1222361,1001367479,1015.88,2025-11-04 0:00,0,NULL,0,0,0,USD,1,2025-11-13 6:45,2025-11-13 6:15
1222360,1001367468,0,NULL,0,NULL,0,0,0,USD,1,2025-11-05 7:34,2025-11-04 21:00
1222359,1001367472,0,NULL,0,NULL,0,0,0,USD,1,2025-11-05 7:34,2025-11-04 21:00
1222358,1001367470,0,NULL,0,NULL,0,0,0,USD,1,2025-11-05 7:34,2025-11-04 21:00
1222357,1001367463,0,NULL,0,NULL,0,0,0,USD,1,2025-11-05 7:34,2025-11-04 21:00
1222356,1001367480,0,NULL,0,NULL,0,0,0,USD,1,2025-11-05 7:33,2025-11-04 21:00
1222355,1001367490,394.39,2025-11-05 0:00,0,NULL,0,0,0,USD,1,2025-11-13 7:35,2025-11-13 6:16
1222354,1001367493,0,NULL,0,NULL,0,0,0,USD,1,2025-11-05 7:31,2025-11-04 21:00
1222353,1001367467,2168.23,2025-11-04 0:00,0,NULL,0,0,0,USD,1,2025-11-13 6:48,2025-11-13 6:16
1222352,1001367483,385.46,2025-11-06 0:00,0,NULL,0,0,0,USD,1,2025-11-13 6:45,2025-11-13 6:15
1222351,1001367482,385.46,2025-11-05 0:00,0,NULL,0,0,0,USD,1,2025-11-13 6:45,2025-11-13 6:15
1222350,1001367487,6570.71,2025-11-05 0:00,0,NULL,0,0,0,USD,1,2025-11-08 6:57,2025-11-08 6:16
1222349,1001367492,10345.42,2025-11-12 0:00,0,NULL,0,0,0,USD,1,2025-11-13 7:05,2025-11-13 6:16
1222348,1001367477,2730.37,2025-10-14 0:00,0,NULL,0,0,0,USD,1,2025-11-13 7:01,2025-11-13 6:16
1222347,1001367462,0,NULL,0,NULL,0,0,0,USD,1,2025-11-05 7:32,2025-11-04 21:00
1222346,1001367473,0,NULL,0,NULL,0,0,0,USD,1,2025-11-05 7:27,2025-11-04 21:00
1222345,1001367466,9703.03,2025-11-12 0:00,0,NULL,0,0,0,USD,1,2025-11-13 7:05,2025-11-13 6:16
1222344,1001367491,814.47,2025-11-10 0:00,0,NULL,0,0,0,USD,1,2025-11-13 7:35,2025-11-13 6:16
1222343,1001367481,0,NULL,0,NULL,0,0,0,USD,1,2025-11-05 7:32,2025-11-04 21:00
1222342,1001367464,3078,2025-10-16 0:00,0,NULL,0,0,0,USD,1,2025-11-13 6:56,2025-11-13 6:16
1222341,1001367485,16610.38,2025-11-10 0:00,0,NULL,0,0,0,USD,1,2025-11-12 6:49,2025-11-12 6:15
1222340,1001367494,0,NULL,0,NULL,0,0,0,USD,1,2025-11-05 7:27,2025-11-04 21:00
1222339,1001367484,0,NULL,0,NULL,0,0,0,USD,1,2025-11-05 7:27,2025-11-04 21:00
1222338,1001367478,4380,2025-11-07 0:00,0,NULL,0,0,0,USD,1,2025-11-11 6:34,2025-11-11 6:16
1222337,1001367488,1844.04,2025-11-05 0:00,0,NULL,0,0,0,USD,1,2025-11-13 6:57,2025-11-13 6:15
1222336,1001367489,289.3,2025-11-04 0:00,0,NULL,0,0,0,USD,1,2025-11-13 7:17,2025-11-13 6:16
1222335,1001367474,0,NULL,0,NULL,0,0,0,USD,1,2025-11-05 7:28,2025-11-04 21:00
1222334,1001367469,4119,2025-10-31 0:00,0,NULL,0,0,0,USD,1,2025-11-05 7:28,2025-11-05 6:16
1222333,1001367458,5641.56,2025-11-11 0:00,0,NULL,0,0,0,USD,1,2025-11-13 7:36,2025-11-13 6:16
1222332,1001367452,0,NULL,0,NULL,0,0,0,USD,1,2025-11-05 7:34,2025-11-04 17:30
1222331,1001367430,73327.18,2025-11-10 0:00,0,NULL,0,0,400000,USD,1,2025-11-12 7:35,2025-11-12 6:15
1222330,1001367420,37350,2025-11-10 0:00,0,NULL,0,0,0,USD,1,2025-11-12 6:40,2025-11-12 6:15
1222329,1001367392,0,NULL,0,NULL,0,0,0,USD,1,2025-11-05 7:34,2025-11-04 17:30
1222328,1001367390,0,NULL,0,NULL,0,0,0,USD,1,2025-11-05 7:34,2025-11-04 17:30
1222327,1001367380,0,NULL,0,NULL,0,0,0,USD,1,2025-11-05 7:34,2025-11-04 17:30
1222326,1001367358,1670.16,2024-10-23 0:00,0,NULL,0,0,0,USD,1,2025-11-13 7:36,2025-11-13 6:16
1222325,1001367357,0,NULL,0,NULL,0,0,0,USD,1,2025-11-05 7:34,2025-11-04 17:30
1222324,1001367348,0,NULL,0,NULL,0,0,0,USD,1,2025-11-05 7:34,2025-11-04 17:30
1222323,1001367408,0,NULL,0,NULL,0,0,0,USD,1,2025-11-05 7:34,2025-11-04 17:30
1222322,1001367362,0,NULL,0,NULL,0,0,0,USD,1,2025-11-05 7:32,2025-11-04 17:30
1222321,1001367360,0,NULL,0,NULL,0,0,0,USD,1,2025-11-05 7:31,2025-11-04 17:30
1222320,1001367436,2779.74,2025-11-07 0:00,0,NULL,0,0,0,USD,1,2025-11-13 7:36,2025-11-13 6:16
1222319,1001367435,866.68,2025-11-11 0:00,0,NULL,0,0,0,USD,1,2025-11-13 7:36,2025-11-13 6:16
1222318,1001367431,0,NULL,0,NULL,0,0,0,USD,1,2025-11-05 7:34,2025-11-04 17:30
1222317,1001367429,6343.2,2025-11-05 0:00,0,NULL,0,0,0,USD,1,2025-11-13 7:36,2025-11-13 6:16
1222316,1001367425,0,NULL,0,NULL,0,0,0,USD,1,2025-11-05 7:34,2025-11-04 17:30
1222315,1001367419,2040.5,2025-10-29 0:00,0,NULL,0,0,0,USD,1,2025-11-11 6:57,2025-11-11 6:16
1222314,1001367401,2600,2025-11-03 0:00,0,NULL,0,0,0,USD,1,2025-11-12 6:40,2025-11-12 6:15
1222313,1001367371,0,NULL,0,NULL,0,0,0,USD,1,2025-11-05 7:34,2025-11-04 17:30
1222312,1001367364,68515.5,2025-11-12 0:00,0,NULL,0,0,0,USD,1,2025-11-13 7:36,2025-11-13 6:16
1222311,1001367355,35975.6,2025-11-11 0:00,0,NULL,0,0,0,USD,1,2025-11-13 7:36,2025-11-13 6:16
1222310,1001367442,2537.5,2025-10-31 0:00,0,NULL,0,0,0,USD,1,2025-11-13 7:02,2025-11-13 6:16
1222309,1001367372,796.91,2025-11-06 0:00,0,NULL,0,0,0,USD,1,2025-11-13 6:57,2025-11-13 6:16
1222308,1001367382,34518.23,2025-11-10 0:00,0,NULL,0,0,0,USD,1,2025-11-13 7:37,2025-11-13 6:16
1222307,1001367457,0,NULL,0,NULL,0,0,0,USD,1,2025-11-05 7:31,2025-11-04 17:30
1222306,1001367437,2698.1,2025-11-07 0:00,0,NULL,0,0,0,USD,1,2025-11-11 6:54,2025-11-11 6:16
1222305,1001367407,3613.02,2025-11-07 0:00,0,NULL,0,0,0,USD,1,2025-11-13 6:44,2025-11-13 6:15
1222304,1001367422,1119.47,2025-11-04 0:00,0,NULL,0,0,0,USD,1,2025-11-13 6:43,2025-11-13 6:15
1222303,1001367387,0,NULL,0,NULL,0,0,0,USD,1,2025-11-05 7:29,2025-11-04 17:30
1222302,1001367397,0,NULL,0,NULL,0,0,0,USD,1,2025-11-05 7:29,2025-11-04 17:30
1222301,1001367438,0,NULL,0,NULL,0,0,0,USD,1,2025-11-05 7:29,2025-11-04 17:30
1222300,1001367368,5401.96,2025-11-04 0:00,0,NULL,0,0,0,USD,1,2025-11-13 7:30,2025-11-13 6:16
1222299,1001367403,740,2025-11-05 0:00,0,NULL,0,0,0,USD,1,2025-11-11 6:37,2025-11-11 6:16
1222298,1001367367,0,NULL,0,NULL,0,0,0,USD,1,2025-11-05 7:28,2025-11-04 17:30
1222297,1001367417,0,NULL,0,NULL,0,0,0,USD,1,2025-11-05 7:28,2025-11-04 17:30
1222296,1001367354,18938.85,2025-11-12 0:00,0,NULL,0,0,0,USD,1,2025-11-13 7:36,2025-11-13 6:16
1222295,1001367404,0,NULL,0,NULL,0,0,0,USD,1,2025-11-05 7:34,2025-11-04 17:30
1222294,1001367455,0,NULL,0,NULL,0,0,0,USD,1,2025-11-05 7:34,2025-11-04 17:30
1222293,1001367449,0,NULL,0,NULL,0,0,0,USD,1,2025-11-05 7:34,2025-11-04 17:30
1222292,1001367416,0,NULL,0,NULL,0,0,0,USD,1,2025-11-05 7:33,2025-11-04 17:30
1222291,1001367396,196.3,2025-11-04 0:00,0,NULL,0,0,0,USD,1,2025-11-13 6:57,2025-11-13 6:16
1222290,1001367439,5756.96,2025-10-17 0:00,0,NULL,0,0,0,USD,1,2025-11-13 6:56,2025-11-13 6:16
1222289,1001367456,0,NULL,0,NULL,0,0,0,USD,1,2025-11-05 7:31,2025-11-04 17:30
1222288,1001367381,0,NULL,0,NULL,0,0,0,USD,1,2025-11-05 7:31,2025-11-04 17:30
1222287,1001367461,2370,2025-11-07 0:00,0,NULL,0,0,0,USD,1,2025-11-11 6:54,2025-11-11 6:16
1222286,1001367379,0,NULL,0,NULL,0,0,0,USD,1,2025-11-05 7:31,2025-11-04 17:30
